[{"model": "admin.logentry", "pk": 1, "fields": {"action_time": "2024-05-07T03:10:58.854Z", "user": 1, "content_type": 18, "object_id": "1", "object_repr": "\u0422\u0430\u0438\u043b\u0430\u043d\u0434", "action_flag": 1, "change_message": "[{\"added\": {}}]"}}, {"model": "admin.logentry", "pk": 2, "fields": {"action_time": "2024-05-07T03:16:10.114Z", "user": 1, "content_type": 18, "object_id": "2", "object_repr": "\u0427\u0435\u0440\u043d\u043e\u0433\u043e\u0440\u0438\u044f", "action_flag": 1, "change_message": "[{\"added\": {}}]"}}, {"model": "admin.logentry", "pk": 3, "fields": {"action_time": "2024-05-07T03:17:43.273Z", "user": 1, "content_type": 19, "object_id": "1", "object_repr": "\u041f\u0445\u0443\u043a\u0435\u0442", "action_flag": 1, "change_message": "[{\"added\": {}}]"}}, {"model": "admin.logentry", "pk": 4, "fields": {"action_time": "2024-05-07T03:18:39.020Z", "user": 1, "content_type": 19, "object_id": "2", "object_repr": "\u0411\u0443\u0434\u0432\u0430", "action_flag": 1, "change_message": "[{\"added\": {}}]"}}, {"model": "admin.logentry", "pk": 5, "fields": {"action_time": "2024-05-07T03:30:46.546Z", "user": 1, "content_type": 20, "object_id": "1", "object_repr": "NikolayPuh", "action_flag": 2, "change_message": "[{\"changed\": {\"fields\": [\"First name\"]}}]"}}, {"model": "admin.logentry", "pk": 6, "fields": {"action_time": "2024-05-07T03:34:54.727Z", "user": 1, "content_type": 9, "object_id": "1", "object_repr": "\u0414\u043b\u044f \u0434\u0435\u0442\u0435\u0439", "action_flag": 1, "change_message": "[{\"added\": {}}]"}}, {"model": "admin.logentry", "pk": 7, "fields": {"action_time": "2024-05-07T03:35:15.595Z", "user": 1, "content_type": 9, "object_id": "2", "object_repr": "\u0421\u043d\u043e\u0440\u043a\u043b\u0438\u043d\u0433", "action_flag": 1, "change_message": "[{\"added\": {}}]"}}, {"model": "admin.logentry", "pk": 8, "fields": {"action_time": "2024-05-07T03:35:32.491Z", "user": 1, "content_type": 9, "object_id": "3", "object_repr": "\u0421\u043b\u043e\u043d\u044b", "action_flag": 1, "change_message": "[{\"added\": {}}]"}}, {"model": "admin.logentry", "pk": 9, "fields": {"action_time": "2024-05-07T03:35:54.296Z", "user": 1, "content_type": 9, "object_id": "4", "object_repr": "\u0414\u043b\u044f \u0431\u0435\u0440\u0435\u043c\u0435\u043d\u043d\u044b\u0445", "action_flag": 1, "change_message": "[{\"added\": {}}]"}}, {"model": "admin.logentry", "pk": 10, "fields": {"action_time": "2024-05-07T03:36:15.865Z", "user": 1, "content_type": 9, "object_id": "5", "object_repr": "\u041f\u043e\u043b \u0434\u043d\u044f", "action_flag": 1, "change_message": "[{\"added\": {}}]"}}, {"model": "admin.logentry", "pk": 11, "fields": {"action_time": "2024-05-07T03:36:33.981Z", "user": 1, "content_type": 9, "object_id": "6", "object_repr": "\u041a\u0430\u043d\u043e\u0435", "action_flag": 1, "change_message": "[{\"added\": {}}]"}}, {"model": "admin.logentry", "pk": 12, "fields": {"action_time": "2024-05-07T03:36:52.240Z", "user": 1, "content_type": 9, "object_id": "7", "object_repr": "\u0420\u044b\u0431\u0430\u043b\u043a\u0430", "action_flag": 1, "change_message": "[{\"added\": {}}]"}}, {"model": "admin.logentry", "pk": 13, "fields": {"action_time": "2024-05-07T03:37:24.811Z", "user": 1, "content_type": 6, "object_id": "1", "object_repr": "\u041c\u043e\u0440\u0441\u043a\u0438\u0435 \u044d\u043a\u0441\u043a\u0443\u0440\u0441\u0438\u0438", "action_flag": 1, "change_message": "[{\"added\": {}}]"}}, {"model": "admin.logentry", "pk": 14, "fields": {"action_time": "2024-05-07T03:37:50.018Z", "user": 1, "content_type": 6, "object_id": "2", "object_repr": "\u041d\u0430\u0446\u0438\u043e\u043d\u0430\u043b\u044c\u043d\u044b\u0439 \u043f\u0430\u0440\u043a", "action_flag": 1, "change_message": "[{\"added\": {}}]"}}, {"model": "admin.logentry", "pk": 15, "fields": {"action_time": "2024-05-07T03:38:07.450Z", "user": 1, "content_type": 6, "object_id": "3", "object_repr": "\u0428\u043e\u0443", "action_flag": 1, "change_message": "[{\"added\": {}}]"}}, {"model": "admin.logentry", "pk": 16, "fields": {"action_time": "2024-05-07T03:39:24.401Z", "user": 1, "content_type": 7, "object_id": "1", "object_repr": "\u041e\u0442\u043c\u0435\u043d\u044f\u044e\u0442 \u043b\u0438 \u044d\u043a\u0441\u043a\u0443\u0440\u0441\u0438\u0438 \u0432 \u0434\u043e\u0436\u0434\u044c?", "action_flag": 1, "change_message": "[{\"added\": {}}]"}}, {"model": "admin.logentry", "pk": 17, "fields": {"action_time": "2024-05-07T03:39:43.411Z", "user": 1, "content_type": 7, "object_id": "2", "object_repr": "\u041e\u0442\u043a\u0443\u0434\u0430 \u0437\u0430\u0431\u0438\u0440\u0430\u044e\u0442 \u043d\u0430 \u044d\u043a\u0441\u043a\u0443\u0440\u0441\u0438\u0438?", "action_flag": 1, "change_message": "[{\"added\": {}}]"}}, {"model": "admin.logentry", "pk": 18, "fields": {"action_time": "2024-05-07T03:40:05.697Z", "user": 1, "content_type": 7, "object_id": "3", "object_repr": "\u041f\u043e \u043a\u0430\u043a\u0438\u043c \u0434\u043d\u044f\u043c \u043f\u0440\u043e\u0445\u043e\u0434\u044f\u0442 \u044d\u043a\u0441\u043a\u0443\u0440\u0441\u0438\u0438?", "action_flag": 1, "change_message": "[{\"added\": {}}]"}}, {"model": "admin.logentry", "pk": 19, "fields": {"action_time": "2024-05-07T04:55:39.837Z", "user": 1, "content_type": 12, "object_id": "1", "object_repr": "\u0415\u0434\u0438\u043d\u044b\u0439 \u043f\u0430\u0441\u0442\u0443\u0445 \u043f\u043b\u044f\u0441\u0430\u0442\u044c \u0438\u0437\u0431\u0430 \u0430\u0436 \u043c\u043e\u043d\u0435\u0442\u0430.", "action_flag": 2, "change_message": "[{\"changed\": {\"fields\": [\"Slug\", \"Included\", \"Not included\", \"Take with you\"]}}]"}}, {"model": "admin.logentry", "pk": 20, "fields": {"action_time": "2024-05-07T04:58:52.937Z", "user": 1, "content_type": 12, "object_id": "2", "object_repr": "\u041a\u0430\u0440\u0442\u0438\u043d\u043a\u0430 \u043c\u0435\u0442\u0430\u043b\u043b \u0447\u0442\u043e \u043a\u0440\u0443\u0442\u043e\u0439 \u0440\u0430\u0439\u043a\u043e\u043c.", "action_flag": 2, "change_message": "[{\"changed\": {\"fields\": [\"Slug\", \"Included\", \"Not included\", \"Take with you\"]}}]"}}, {"model": "admin.logentry", "pk": 21, "fields": {"action_time": "2024-05-07T05:04:35.180Z", "user": 1, "content_type": 12, "object_id": "3", "object_repr": "\u0417\u0430\u0442\u043e \u0441\u0443\u0441\u0442\u0430\u0432 \u043f\u043e\u0437\u0434\u0440\u0430\u0432\u043b\u044f\u0442\u044c \u043f\u0435\u0440\u0435\u0434\u043e \u044f\u0433\u043e\u0434\u0430 \u0441\u043c\u0435\u043b\u044b\u0439.", "action_flag": 2, "change_message": "[{\"changed\": {\"fields\": [\"Slug\", \"Included\", \"Not included\", \"Take with you\"]}}]"}}, {"model": "admin.logentry", "pk": 22, "fields": {"action_time": "2024-05-07T05:05:17.981Z", "user": 1, "content_type": 12, "object_id": "3", "object_repr": "\u0417\u0430\u0442\u043e \u0441\u0443\u0441\u0442\u0430\u0432 \u043f\u043e\u0437\u0434\u0440\u0430\u0432\u043b\u044f\u0442\u044c \u043f\u0435\u0440\u0435\u0434\u043e \u044f\u0433\u043e\u0434\u0430 \u0441\u043c\u0435\u043b\u044b\u0439.", "action_flag": 2, "change_message": "[{\"added\": {\"name\": \"programm\", \"object\": \"Tittle of programm\"}}]"}}, {"model": "admin.logentry", "pk": 23, "fields": {"action_time": "2024-05-07T05:05:47.487Z", "user": 1, "content_type": 12, "object_id": "2", "object_repr": "\u041a\u0430\u0440\u0442\u0438\u043d\u043a\u0430 \u043c\u0435\u0442\u0430\u043b\u043b \u0447\u0442\u043e \u043a\u0440\u0443\u0442\u043e\u0439 \u0440\u0430\u0439\u043a\u043e\u043c.", "action_flag": 2, "change_message": "[{\"added\": {\"name\": \"programm\", \"object\": \"Title of medium tour\"}}]"}}, {"model": "admin.logentry", "pk": 24, "fields": {"action_time": "2024-05-07T23:02:01.821Z", "user": 1, "content_type": 19, "object_id": "3", "object_repr": "\u0411\u0430\u043d\u0433\u043a\u043e\u043a", "action_flag": 1, "change_message": "[{\"added\": {}}]"}}, {"model": "admin.logentry", "pk": 25, "fields": {"action_time": "2024-05-08T13:26:43.347Z", "user": 1, "content_type": 19, "object_id": "4", "object_repr": "\u041a\u0430\u043c\u0435\u043d\u043e\u0432\u043e", "action_flag": 1, "change_message": "[{\"added\": {}}]"}}, {"model": "admin.logentry", "pk": 26, "fields": {"action_time": "2024-05-08T13:40:56.830Z", "user": 1, "content_type": 19, "object_id": "1", "object_repr": "\u041f\u0445\u0443\u043a\u0435\u0442", "action_flag": 2, "change_message": "[{\"changed\": {\"fields\": [\"Description\", \"Meta desc en\"]}}]"}}, {"model": "admin.logentry", "pk": 27, "fields": {"action_time": "2024-05-08T13:49:49.723Z", "user": 1, "content_type": 19, "object_id": "2", "object_repr": "\u0411\u0443\u0434\u0432\u0430", "action_flag": 2, "change_message": "[{\"changed\": {\"fields\": [\"Meta desc\", \"Meta desc en\"]}}]"}}, {"model": "admin.logentry", "pk": 28, "fields": {"action_time": "2024-05-08T14:36:36.143Z", "user": 1, "content_type": 12, "object_id": "4", "object_repr": "\u0421\u043f\u0430\u0441\u0442\u044c \u0432\u043e\u0437\u043c\u043e\u0436\u043d\u043e \u043f\u0430\u0441\u0442\u044c \u0432\u0430\u0436\u043d\u044b\u0439 \u0440\u0430\u0437\u0432\u0435\u0440\u043d\u0443\u0442\u044c\u0441\u044f.", "action_flag": 2, "change_message": "[{\"changed\": {\"fields\": [\"Slug\", \"Included\", \"Not included\", \"Take with you\"]}}]"}}, {"model": "admin.logentry", "pk": 29, "fields": {"action_time": "2024-05-08T15:53:11.320Z", "user": 1, "content_type": 19, "object_id": "4", "object_repr": "\u041a\u0430\u043c\u0435\u043d\u043e\u0432\u043e", "action_flag": 3, "change_message": ""}}, {"model": "admin.logentry", "pk": 30, "fields": {"action_time": "2024-05-14T04:26:57.987Z", "user": 1, "content_type": 12, "object_id": "54", "object_repr": "Any quickly because.", "action_flag": 2, "change_message": "[{\"changed\": {\"fields\": [\"Included\", \"Not included\", \"Take with you\", \"Photo\"]}}]"}}, {"model": "admin.logentry", "pk": 31, "fields": {"action_time": "2024-05-14T04:28:17.748Z", "user": 1, "content_type": 12, "object_id": "1", "object_repr": "\u0415\u0434\u0438\u043d\u044b\u0439 \u043f\u0430\u0441\u0442\u0443\u0445 \u043f\u043b\u044f\u0441\u0430\u0442\u044c \u0438\u0437\u0431\u0430 \u0430\u0436 \u043c\u043e\u043d\u0435\u0442\u0430.", "action_flag": 2, "change_message": "[{\"changed\": {\"fields\": [\"Photo\"]}}]"}}, {"model": "admin.logentry", "pk": 32, "fields": {"action_time": "2024-05-17T04:15:45.323Z", "user": 1, "content_type": 12, "object_id": "56", "object_repr": "\u041e\u0441\u0442\u0440\u043e\u0432\u0430 \u041f\u0445\u0438-\u041f\u0445\u0438 \u044d\u043a\u0441\u043a\u0443\u0440\u0441\u0438\u044f", "action_flag": 1, "change_message": "[{\"added\": {}}, {\"added\": {\"name\": \"programm\", \"object\": \"\\u041f\\u0445\\u0438 \\u041f\\u0445\\u0438 \\u041a\\u0445\\u0430\\u0439\"}}, {\"added\": {\"name\": \"programm\", \"object\": \"\\u041f\\u0445\\u0438-\\u041f\\u0445\\u0438 + \\u041a\\u0445\\u0430\\u0439 + \\u0411\\u0430\\u043c\\u0431\\u0443\"}}, {\"added\": {\"name\": \"photo\", \"object\": \"Photo object (1)\"}}, {\"added\": {\"name\": \"photo\", \"object\": \"Photo object (2)\"}}, {\"added\": {\"name\": \"photo\", \"object\": \"Photo object (3)\"}}]"}}, {"model": "admin.logentry", "pk": 33, "fields": {"action_time": "2024-05-19T14:18:23.276Z", "user": 1, "content_type": 12, "object_id": "54", "object_repr": "Any quickly because.", "action_flag": 2, "change_message": "[{\"added\": {\"name\": \"programm\", \"object\": \"Tour number 13\"}}]"}}, {"model": "admin.logentry", "pk": 34, "fields": {"action_time": "2024-05-19T14:18:54.230Z", "user": 1, "content_type": 12, "object_id": "53", "object_repr": "Even easy season stand.", "action_flag": 2, "change_message": "[{\"changed\": {\"fields\": [\"Included\", \"Not included\", \"Take with you\"]}}, {\"added\": {\"name\": \"programm\", \"object\": \"Tour number 10\"}}]"}}, {"model": "admin.logentry", "pk": 35, "fields": {"action_time": "2024-05-19T14:19:37.048Z", "user": 1, "content_type": 12, "object_id": "51", "object_repr": "Discuss necessary daughter daughter future place.", "action_flag": 2, "change_message": "[{\"changed\": {\"fields\": [\"Description\", \"Included\", \"Not included\", \"Take with you\"]}}, {\"added\": {\"name\": \"programm\", \"object\": \"\\u0422\\u0443\\u0440 \\u043d\\u043e\\u043c\\u0435\\u0440 18\"}}]"}}, {"model": "admin.logentry", "pk": 36, "fields": {"action_time": "2024-05-19T14:20:08.599Z", "user": 1, "content_type": 12, "object_id": "49", "object_repr": "Act every from.", "action_flag": 2, "change_message": "[{\"changed\": {\"fields\": [\"Included\", \"Not included\", \"Take with you\"]}}, {\"added\": {\"name\": \"programm\", \"object\": \"\\u0421\\u0430\\u043c\\u044b\\u0439 \\u043b\\u0443\\u0447\\u0448\\u0438\\u0439 \\u0442\\u0443\\u0440 \\u0432\\u0435\\u0437\\u0434\\u0435\"}}]"}}, {"model": "admin.logentry", "pk": 37, "fields": {"action_time": "2024-05-19T14:20:59.765Z", "user": 1, "content_type": 12, "object_id": "49", "object_repr": "\u041d\u0438\u0447\u0435\u0433\u043e \u043b\u0443\u0447\u0448\u0435 \u0432\u044b \u0441\u0443\u043a\u0438 \u043d\u0435 \u0432\u0438\u0434\u0435\u043b\u0438", "action_flag": 2, "change_message": "[{\"changed\": {\"fields\": [\"Title\"]}}, {\"added\": {\"name\": \"programm\", \"object\": \"\\u0414\\u043b\\u044f \\u0435\\u0432\\u0440\\u043e\\u043f\\u0435\\u0439\\u0441\\u043a\\u0438\\u0445 \\u0447\\u0435\\u0440\\u0442\\u0435\\u0439\"}}]"}}, {"model": "admin.logentry", "pk": 38, "fields": {"action_time": "2024-05-19T14:21:33.604Z", "user": 1, "content_type": 12, "object_id": "47", "object_repr": "\u0411\u0430\u043d\u0433\u043a\u043e\u043a\u0441\u043a\u0430\u044f \u0442\u0443\u0441\u043e\u0432\u043a\u0430", "action_flag": 2, "change_message": "[{\"changed\": {\"fields\": [\"Title\", \"Description\", \"Included\", \"Not included\", \"Take with you\"]}}, {\"added\": {\"name\": \"programm\", \"object\": \"\\u041d\\u043e\\u043c\\u0435\\u0440 3\"}}]"}}, {"model": "admin.logentry", "pk": 39, "fields": {"action_time": "2024-05-19T14:22:10.594Z", "user": 1, "content_type": 12, "object_id": "43", "object_repr": "Take individual job population sense wind.", "action_flag": 2, "change_message": "[{\"changed\": {\"fields\": [\"Description\", \"Included\", \"Not included\", \"Take with you\"]}}, {\"added\": {\"name\": \"programm\", \"object\": \"Bangkok the best travel place\"}}]"}}, {"model": "admin.logentry", "pk": 40, "fields": {"action_time": "2024-05-19T14:53:13.282Z", "user": 1, "content_type": 12, "object_id": "3", "object_repr": "\u0417\u0430\u0442\u043e \u0441\u0443\u0441\u0442\u0430\u0432 \u043f\u043e\u0437\u0434\u0440\u0430\u0432\u043b\u044f\u0442\u044c \u043f\u0435\u0440\u0435\u0434\u043e \u044f\u0433\u043e\u0434\u0430 \u0441\u043c\u0435\u043b\u044b\u0439.", "action_flag": 2, "change_message": "[{\"changed\": {\"fields\": [\"Photo\"]}}]"}}, {"model": "admin.logentry", "pk": 41, "fields": {"action_time": "2024-05-19T14:55:02.350Z", "user": 1, "content_type": 12, "object_id": "3", "object_repr": "\u0417\u0430\u0442\u043e \u0441\u0443\u0441\u0442\u0430\u0432 \u043f\u043e\u0437\u0434\u0440\u0430\u0432\u043b\u044f\u0442\u044c \u043f\u0435\u0440\u0435\u0434\u043e \u044f\u0433\u043e\u0434\u0430 \u0441\u043c\u0435\u043b\u044b\u0439.", "action_flag": 2, "change_message": "[{\"added\": {\"name\": \"photo\", \"object\": \"Photo object (4)\"}}]"}}, {"model": "admin.logentry", "pk": 42, "fields": {"action_time": "2024-05-19T14:58:28.452Z", "user": 1, "content_type": 12, "object_id": "3", "object_repr": "\u0417\u0430\u0442\u043e \u0441\u0443\u0441\u0442\u0430\u0432 \u043f\u043e\u0437\u0434\u0440\u0430\u0432\u043b\u044f\u0442\u044c \u043f\u0435\u0440\u0435\u0434\u043e \u044f\u0433\u043e\u0434\u0430 \u0441\u043c\u0435\u043b\u044b\u0439.", "action_flag": 2, "change_message": "[{\"changed\": {\"fields\": [\"Photo\"]}}]"}}, {"model": "admin.logentry", "pk": 43, "fields": {"action_time": "2024-05-19T14:58:41.892Z", "user": 1, "content_type": 12, "object_id": "3", "object_repr": "\u0417\u0430\u0442\u043e \u0441\u0443\u0441\u0442\u0430\u0432 \u043f\u043e\u0437\u0434\u0440\u0430\u0432\u043b\u044f\u0442\u044c \u043f\u0435\u0440\u0435\u0434\u043e \u044f\u0433\u043e\u0434\u0430 \u0441\u043c\u0435\u043b\u044b\u0439.", "action_flag": 2, "change_message": "[{\"changed\": {\"fields\": [\"Photo\"]}}]"}}, {"model": "admin.logentry", "pk": 44, "fields": {"action_time": "2024-05-19T15:39:49.450Z", "user": 1, "content_type": 12, "object_id": "57", "object_repr": "\u041a\u043e\u0440\u0430\u043b + \u0420\u0430\u0447\u0430 + \u041c\u0430\u0439\u0442\u043e\u043d", "action_flag": 1, "change_message": "[{\"added\": {}}, {\"added\": {\"name\": \"programm\", \"object\": \"\\u0420\\u0430\\u0447\\u0430 \\u043a\\u043e\\u0440\\u0430\\u043b\\u043b \\u041c\\u0430\\u0439\\u0442\\u043e\\u043d\"}}, {\"added\": {\"name\": \"photo\", \"object\": \"Photo object (5)\"}}]"}}, {"model": "admin.logentry", "pk": 45, "fields": {"action_time": "2024-05-20T04:18:50.002Z", "user": 1, "content_type": 12, "object_id": "57", "object_repr": "\u041a\u043e\u0440\u0430\u043b + \u0420\u0430\u0447\u0430 + \u041c\u0430\u0439\u0442\u043e\u043d", "action_flag": 2, "change_message": "[{\"added\": {\"name\": \"photo\", \"object\": \"Photo object (6)\"}}]"}}, {"model": "admin.logentry", "pk": 46, "fields": {"action_time": "2024-05-20T04:25:30.653Z", "user": 1, "content_type": 12, "object_id": "57", "object_repr": "\u041a\u043e\u0440\u0430\u043b + \u0420\u0430\u0447\u0430 + \u041c\u0430\u0439\u0442\u043e\u043d", "action_flag": 2, "change_message": "[{\"added\": {\"name\": \"photo\", \"object\": \"Photo object (7)\"}}]"}}, {"model": "admin.logentry", "pk": 47, "fields": {"action_time": "2024-05-20T05:05:12.007Z", "user": 1, "content_type": 12, "object_id": "57", "object_repr": "\u041a\u043e\u0440\u0430\u043b + \u0420\u0430\u0447\u0430 + \u041c\u0430\u0439\u0442\u043e\u043d", "action_flag": 2, "change_message": "[{\"changed\": {\"fields\": [\"Included\", \"Notincluded\", \"Take\", \"Transfer\", \"Lang\"]}}]"}}, {"model": "admin.logentry", "pk": 48, "fields": {"action_time": "2024-05-20T05:06:21.457Z", "user": 1, "content_type": 12, "object_id": "56", "object_repr": "\u041e\u0441\u0442\u0440\u043e\u0432\u0430 \u041f\u0445\u0438-\u041f\u0445\u0438 \u044d\u043a\u0441\u043a\u0443\u0440\u0441\u0438\u044f", "action_flag": 2, "change_message": "[{\"changed\": {\"fields\": [\"Included\", \"Notincluded\", \"Take\", \"Transfer\", \"Lang\"]}}]"}}, {"model": "admin.logentry", "pk": 49, "fields": {"action_time": "2024-05-20T05:06:49.098Z", "user": 1, "content_type": 12, "object_id": "54", "object_repr": "Any quickly because.", "action_flag": 2, "change_message": "[{\"changed\": {\"fields\": [\"Included\", \"Notincluded\", \"Take\", \"Transfer\", \"Tags\", \"Lang\", \"Faqs\"]}}]"}}, {"model": "admin.logentry", "pk": 50, "fields": {"action_time": "2024-05-20T05:07:39.484Z", "user": 1, "content_type": 12, "object_id": "53", "object_repr": "Even easy season stand.", "action_flag": 2, "change_message": "[{\"changed\": {\"fields\": [\"Meta keywords\", \"Included\", \"Notincluded\", \"Take\", \"Transfer\", \"Lang\"]}}]"}}, {"model": "admin.logentry", "pk": 51, "fields": {"action_time": "2024-05-20T05:08:04.576Z", "user": 1, "content_type": 12, "object_id": "49", "object_repr": "\u041d\u0438\u0447\u0435\u0433\u043e \u043b\u0443\u0447\u0448\u0435 \u0432\u044b \u0441\u0443\u043a\u0438 \u043d\u0435 \u0432\u0438\u0434\u0435\u043b\u0438", "action_flag": 2, "change_message": "[{\"changed\": {\"fields\": [\"Included\", \"Notincluded\", \"Take\", \"Transfer\", \"Lang\"]}}]"}}, {"model": "admin.logentry", "pk": 52, "fields": {"action_time": "2024-05-20T05:08:33.427Z", "user": 1, "content_type": 12, "object_id": "42", "object_repr": "Property anyone heavy easy.", "action_flag": 2, "change_message": "[{\"changed\": {\"fields\": [\"Included\", \"Notincluded\", \"Take\", \"Transfer\", \"Lang\"]}}]"}}, {"model": "admin.logentry", "pk": 53, "fields": {"action_time": "2024-05-20T05:10:01.446Z", "user": 1, "content_type": 12, "object_id": "10", "object_repr": "\u041c\u0435\u0445\u0430\u043d\u0438\u0447\u0435\u0441\u043a\u0438\u0439 \u0440\u0430\u0437\u0432\u0435\u0440\u043d\u0443\u0442\u044c\u0441\u044f \u0442\u0435\u043c\u043d\u0435\u0442\u044c \u0435\u0441\u0442\u0435\u0441\u0442\u0432\u0435\u043d\u043d\u044b\u0439 \u0442\u043e\u0432\u0430\u0440 \u0433\u043e\u0441\u043f\u043e\u0434\u044c \u043d\u0435\u0434\u043e\u0441\u0442\u0430\u0442\u043e\u043a.", "action_flag": 2, "change_message": "[{\"changed\": {\"fields\": [\"Included\", \"Notincluded\", \"Take\", \"Transfer\", \"Lang\"]}}, {\"added\": {\"name\": \"programm\", \"object\": \"The best from the west\"}}]"}}, {"model": "admin.logentry", "pk": 54, "fields": {"action_time": "2024-05-22T03:15:31.043Z", "user": 1, "content_type": 12, "object_id": "3", "object_repr": "\u0417\u0430\u0442\u043e \u0441\u0443\u0441\u0442\u0430\u0432 \u043f\u043e\u0437\u0434\u0440\u0430\u0432\u043b\u044f\u0442\u044c \u043f\u0435\u0440\u0435\u0434\u043e \u044f\u0433\u043e\u0434\u0430 \u0441\u043c\u0435\u043b\u044b\u0439.", "action_flag": 2, "change_message": "[{\"changed\": {\"fields\": [\"Included\", \"Notincluded\", \"Take\"]}}]"}}, {"model": "admin.logentry", "pk": 55, "fields": {"action_time": "2024-05-22T13:52:37.765Z", "user": 1, "content_type": 12, "object_id": "9", "object_repr": "\u0414\u043e\u0448\u043b\u044b\u0439 \u043f\u043e\u0440\u043e\u0434\u0430 \u0441\u0435\u0440\u044c\u0435\u0437\u043d\u044b\u0439 \u0437\u0430\u0440\u043f\u043b\u0430\u0442\u0430 \u0443\u043f\u043e\u0440 \u0436\u0438\u0442\u044c.", "action_flag": 2, "change_message": "[{\"changed\": {\"fields\": [\"Included\", \"Notincluded\", \"Take\", \"Transfer\", \"Lang\"]}}, {\"added\": {\"name\": \"programm\", \"object\": \"\\u0414\\u043e\\u0448\\u043b\\u044b\\u0439 \\u0442\\u0443\\u0440 \\u043d\\u0430 \\u0432\\u0441\\u0435\\u0445\"}}, {\"added\": {\"name\": \"photo\", \"object\": \"Photo object (8)\"}}, {\"added\": {\"name\": \"photo\", \"object\": \"Photo object (9)\"}}]"}}, {"model": "admin.logentry", "pk": 56, "fields": {"action_time": "2024-05-22T13:54:07.511Z", "user": 1, "content_type": 12, "object_id": "9", "object_repr": "\u0414\u043e\u0448\u043b\u044b\u0439 \u043f\u043e\u0440\u043e\u0434\u0430 \u0441\u0435\u0440\u044c\u0435\u0437\u043d\u044b\u0439 \u0437\u0430\u0440\u043f\u043b\u0430\u0442\u0430 \u0443\u043f\u043e\u0440 \u0436\u0438\u0442\u044c.", "action_flag": 2, "change_message": "[{\"changed\": {\"fields\": [\"Duration\"]}}]"}}, {"model": "admin.logentry", "pk": 57, "fields": {"action_time": "2024-05-22T14:06:44.542Z", "user": 1, "content_type": 19, "object_id": "3", "object_repr": "\u0411\u0430\u043d\u0433\u043a\u043e\u043a", "action_flag": 2, "change_message": "[{\"changed\": {\"fields\": [\"Photo\"]}}]"}}, {"model": "admin.logentry", "pk": 58, "fields": {"action_time": "2024-05-22T15:03:36.755Z", "user": 1, "content_type": 19, "object_id": "3", "object_repr": "\u0411\u0430\u043d\u0433\u043a\u043e\u043a", "action_flag": 2, "change_message": "[{\"changed\": {\"fields\": [\"Photo\"]}}]"}}, {"model": "admin.logentry", "pk": 59, "fields": {"action_time": "2024-05-27T14:42:37.619Z", "user": 1, "content_type": 18, "object_id": "1", "object_repr": "\u0422\u0430\u0438\u043b\u0430\u043d\u0434", "action_flag": 2, "change_message": "[{\"changed\": {\"fields\": [\"Currency prefix\"]}}]"}}, {"model": "admin.logentry", "pk": 60, "fields": {"action_time": "2024-06-02T04:46:44.205Z", "user": 1, "content_type": 20, "object_id": "5", "object_repr": "Nikolay7", "action_flag": 3, "change_message": ""}}, {"model": "admin.logentry", "pk": 61, "fields": {"action_time": "2024-06-02T04:46:44.209Z", "user": 1, "content_type": 20, "object_id": "4", "object_repr": "NikolayPuh2", "action_flag": 3, "change_message": ""}}, {"model": "admin.logentry", "pk": 62, "fields": {"action_time": "2024-06-04T05:17:35.951Z", "user": 1, "content_type": 12, "object_id": "57", "object_repr": "\u041a\u043e\u0440\u0430\u043b + \u0420\u0430\u0447\u0430 + \u041c\u0430\u0439\u0442\u043e\u043d", "action_flag": 2, "change_message": "[{\"changed\": {\"fields\": [\"Average rating\"]}}]"}}, {"model": "admin.logentry", "pk": 63, "fields": {"action_time": "2024-06-04T05:19:13.647Z", "user": 1, "content_type": 12, "object_id": "56", "object_repr": "\u041e\u0441\u0442\u0440\u043e\u0432\u0430 \u041f\u0445\u0438-\u041f\u0445\u0438 \u044d\u043a\u0441\u043a\u0443\u0440\u0441\u0438\u044f", "action_flag": 2, "change_message": "[{\"changed\": {\"fields\": [\"Average rating\"]}}]"}}, {"model": "admin.logentry", "pk": 64, "fields": {"action_time": "2024-06-04T05:34:56.735Z", "user": 1, "content_type": 12, "object_id": "47", "object_repr": "\u0411\u0430\u043d\u0433\u043a\u043e\u043a\u0441\u043a\u0430\u044f \u0442\u0443\u0441\u043e\u0432\u043a\u0430", "action_flag": 2, "change_message": "[{\"changed\": {\"name\": \"programm\", \"object\": \"\\u0422\\u0443\\u0441\\u043e\\u0432\\u043a\\u0430 \\u0432 \\u0411\\u0430\\u043d\\u0433\\u043a\\u043e\\u043a\\u0435\", \"fields\": [\"Title\"]}}]"}}, {"model": "admin.logentry", "pk": 65, "fields": {"action_time": "2024-06-09T22:13:13.788Z", "user": 1, "content_type": 27, "object_id": "1", "object_repr": "\u041f\u043e\u0434\u0434\u0435\u0440\u0436\u043a\u0430", "action_flag": 1, "change_message": "[{\"added\": {}}]"}}, {"model": "admin.logentry", "pk": 66, "fields": {"action_time": "2024-06-10T01:09:32.286Z", "user": 1, "content_type": 27, "object_id": "1", "object_repr": "\u041f\u043e\u0434\u0434\u0435\u0440\u0436\u043a\u0430", "action_flag": 2, "change_message": "[{\"changed\": {\"fields\": [\"Link whatsapp\"]}}]"}}, {"model": "admin.logentry", "pk": 67, "fields": {"action_time": "2024-06-11T14:15:20.287Z", "user": 1, "content_type": 12, "object_id": "57", "object_repr": "\u041a\u043e\u0440\u0430\u043b + \u0420\u0430\u0447\u0430 + \u041c\u0430\u0439\u0442\u043e\u043d", "action_flag": 2, "change_message": "[{\"changed\": {\"fields\": [\"Is published\"]}}]"}}, {"model": "admin.logentry", "pk": 68, "fields": {"action_time": "2024-06-11T14:26:13.941Z", "user": 1, "content_type": 12, "object_id": "57", "object_repr": "\u041a\u043e\u0440\u0430\u043b + \u0420\u0430\u0447\u0430 + \u041c\u0430\u0439\u0442\u043e\u043d", "action_flag": 2, "change_message": "[{\"changed\": {\"fields\": [\"Is published\"]}}]"}}, {"model": "admin.logentry", "pk": 69, "fields": {"action_time": "2024-06-14T07:06:18.661Z", "user": 1, "content_type": 15, "object_id": "3", "object_repr": "Order object (3)", "action_flag": 2, "change_message": "[{\"changed\": {\"fields\": [\"User\"]}}]"}}, {"model": "admin.logentry", "pk": 70, "fields": {"action_time": "2024-06-14T07:07:29.797Z", "user": 1, "content_type": 15, "object_id": "3", "object_repr": "Order object (3)", "action_flag": 2, "change_message": "[]"}}, {"model": "admin.logentry", "pk": 71, "fields": {"action_time": "2024-06-15T04:08:14.561Z", "user": 1, "content_type": 12, "object_id": "3", "object_repr": "\u0417\u0430\u0442\u043e \u0441\u0443\u0441\u0442\u0430\u0432 \u043f\u043e\u0437\u0434\u0440\u0430\u0432\u043b\u044f\u0442\u044c \u043f\u0435\u0440\u0435\u0434\u043e \u044f\u0433\u043e\u0434\u0430 \u0441\u043c\u0435\u043b\u044b\u0439.", "action_flag": 2, "change_message": "[{\"changed\": {\"name\": \"programm\", \"object\": \"Tittle of programm 777\", \"fields\": [\"Title\"]}}]"}}, {"model": "admin.logentry", "pk": 72, "fields": {"action_time": "2024-06-15T04:08:38.727Z", "user": 1, "content_type": 12, "object_id": "3", "object_repr": "\u0417\u0430\u0442\u043e \u0441\u0443\u0441\u0442\u0430\u0432 \u043f\u043e\u0437\u0434\u0440\u0430\u0432\u043b\u044f\u0442\u044c \u043f\u0435\u0440\u0435\u0434\u043e \u044f\u0433\u043e\u0434\u0430 \u0441\u043c\u0435\u043b\u044b\u0439.", "action_flag": 2, "change_message": "[{\"changed\": {\"name\": \"programm\", \"object\": \"Tittle of programm\", \"fields\": [\"Title\"]}}]"}}, {"model": "admin.logentry", "pk": 73, "fields": {"action_time": "2024-06-16T05:15:22.273Z", "user": 1, "content_type": 15, "object_id": "9", "object_repr": "Order object (9)", "action_flag": 1, "change_message": "[{\"added\": {}}]"}}, {"model": "admin.logentry", "pk": 74, "fields": {"action_time": "2024-06-16T05:16:13.850Z", "user": 1, "content_type": 15, "object_id": "9", "object_repr": "Order object (9)", "action_flag": 3, "change_message": ""}}, {"model": "admin.logentry", "pk": 75, "fields": {"action_time": "2024-06-16T05:16:13.858Z", "user": 1, "content_type": 15, "object_id": "8", "object_repr": "Order object (8)", "action_flag": 3, "change_message": ""}}, {"model": "admin.logentry", "pk": 76, "fields": {"action_time": "2024-06-16T05:16:13.860Z", "user": 1, "content_type": 15, "object_id": "7", "object_repr": "Order object (7)", "action_flag": 3, "change_message": ""}}, {"model": "admin.logentry", "pk": 77, "fields": {"action_time": "2024-06-16T05:16:13.862Z", "user": 1, "content_type": 15, "object_id": "6", "object_repr": "Order object (6)", "action_flag": 3, "change_message": ""}}, {"model": "admin.logentry", "pk": 78, "fields": {"action_time": "2024-06-16T05:16:13.863Z", "user": 1, "content_type": 15, "object_id": "5", "object_repr": "Order object (5)", "action_flag": 3, "change_message": ""}}, {"model": "admin.logentry", "pk": 79, "fields": {"action_time": "2024-06-16T05:16:13.865Z", "user": 1, "content_type": 15, "object_id": "4", "object_repr": "Order object (4)", "action_flag": 3, "change_message": ""}}, {"model": "admin.logentry", "pk": 80, "fields": {"action_time": "2024-06-16T05:16:13.867Z", "user": 1, "content_type": 15, "object_id": "3", "object_repr": "Order object (3)", "action_flag": 3, "change_message": ""}}, {"model": "admin.logentry", "pk": 81, "fields": {"action_time": "2024-06-16T05:16:13.869Z", "user": 1, "content_type": 15, "object_id": "2", "object_repr": "Order object (2)", "action_flag": 3, "change_message": ""}}, {"model": "admin.logentry", "pk": 82, "fields": {"action_time": "2024-06-16T05:16:13.871Z", "user": 1, "content_type": 15, "object_id": "1", "object_repr": "Order object (1)", "action_flag": 3, "change_message": ""}}, {"model": "admin.logentry", "pk": 83, "fields": {"action_time": "2024-07-13T10:39:43.680Z", "user": 7, "content_type": 8, "object_id": "3", "object_repr": "Korean", "action_flag": 1, "change_message": "[{\"added\": {}}]"}}, {"model": "auth.permission", "pk": 1, "fields": {"name": "Can add log entry", "content_type": 1, "codename": "add_logentry"}}, {"model": "auth.permission", "pk": 2, "fields": {"name": "Can change log entry", "content_type": 1, "codename": "change_logentry"}}, {"model": "auth.permission", "pk": 3, "fields": {"name": "Can delete log entry", "content_type": 1, "codename": "delete_logentry"}}, {"model": "auth.permission", "pk": 4, "fields": {"name": "Can view log entry", "content_type": 1, "codename": "view_logentry"}}, {"model": "auth.permission", "pk": 5, "fields": {"name": "Can add permission", "content_type": 2, "codename": "add_permission"}}, {"model": "auth.permission", "pk": 6, "fields": {"name": "Can change permission", "content_type": 2, "codename": "change_permission"}}, {"model": "auth.permission", "pk": 7, "fields": {"name": "Can delete permission", "content_type": 2, "codename": "delete_permission"}}, {"model": "auth.permission", "pk": 8, "fields": {"name": "Can view permission", "content_type": 2, "codename": "view_permission"}}, {"model": "auth.permission", "pk": 9, "fields": {"name": "Can add group", "content_type": 3, "codename": "add_group"}}, {"model": "auth.permission", "pk": 10, "fields": {"name": "Can change group", "content_type": 3, "codename": "change_group"}}, {"model": "auth.permission", "pk": 11, "fields": {"name": "Can delete group", "content_type": 3, "codename": "delete_group"}}, {"model": "auth.permission", "pk": 12, "fields": {"name": "Can view group", "content_type": 3, "codename": "view_group"}}, {"model": "auth.permission", "pk": 13, "fields": {"name": "Can add content type", "content_type": 4, "codename": "add_contenttype"}}, {"model": "auth.permission", "pk": 14, "fields": {"name": "Can change content type", "content_type": 4, "codename": "change_contenttype"}}, {"model": "auth.permission", "pk": 15, "fields": {"name": "Can delete content type", "content_type": 4, "codename": "delete_contenttype"}}, {"model": "auth.permission", "pk": 16, "fields": {"name": "Can view content type", "content_type": 4, "codename": "view_contenttype"}}, {"model": "auth.permission", "pk": 17, "fields": {"name": "Can add session", "content_type": 5, "codename": "add_session"}}, {"model": "auth.permission", "pk": 18, "fields": {"name": "Can change session", "content_type": 5, "codename": "change_session"}}, {"model": "auth.permission", "pk": 19, "fields": {"name": "Can delete session", "content_type": 5, "codename": "delete_session"}}, {"model": "auth.permission", "pk": 20, "fields": {"name": "Can view session", "content_type": 5, "codename": "view_session"}}, {"model": "auth.permission", "pk": 21, "fields": {"name": "Can add category", "content_type": 6, "codename": "add_category"}}, {"model": "auth.permission", "pk": 22, "fields": {"name": "Can change category", "content_type": 6, "codename": "change_category"}}, {"model": "auth.permission", "pk": 23, "fields": {"name": "Can delete category", "content_type": 6, "codename": "delete_category"}}, {"model": "auth.permission", "pk": 24, "fields": {"name": "Can view category", "content_type": 6, "codename": "view_category"}}, {"model": "auth.permission", "pk": 25, "fields": {"name": "Can add \u0427\u0430\u0441\u0442\u043e \u0437\u0430\u0434\u0430\u0432\u0430\u0435\u043c\u044b\u0439 \u0432\u043e\u043f\u0440\u043e\u0441", "content_type": 7, "codename": "add_faq"}}, {"model": "auth.permission", "pk": 26, "fields": {"name": "Can change \u0427\u0430\u0441\u0442\u043e \u0437\u0430\u0434\u0430\u0432\u0430\u0435\u043c\u044b\u0439 \u0432\u043e\u043f\u0440\u043e\u0441", "content_type": 7, "codename": "change_faq"}}, {"model": "auth.permission", "pk": 27, "fields": {"name": "Can delete \u0427\u0430\u0441\u0442\u043e \u0437\u0430\u0434\u0430\u0432\u0430\u0435\u043c\u044b\u0439 \u0432\u043e\u043f\u0440\u043e\u0441", "content_type": 7, "codename": "delete_faq"}}, {"model": "auth.permission", "pk": 28, "fields": {"name": "Can view \u0427\u0430\u0441\u0442\u043e \u0437\u0430\u0434\u0430\u0432\u0430\u0435\u043c\u044b\u0439 \u0432\u043e\u043f\u0440\u043e\u0441", "content_type": 7, "codename": "view_faq"}}, {"model": "auth.permission", "pk": 29, "fields": {"name": "Can add lang tour", "content_type": 8, "codename": "add_langtour"}}, {"model": "auth.permission", "pk": 30, "fields": {"name": "Can change lang tour", "content_type": 8, "codename": "change_langtour"}}, {"model": "auth.permission", "pk": 31, "fields": {"name": "Can delete lang tour", "content_type": 8, "codename": "delete_langtour"}}, {"model": "auth.permission", "pk": 32, "fields": {"name": "Can view lang tour", "content_type": 8, "codename": "view_langtour"}}, {"model": "auth.permission", "pk": 33, "fields": {"name": "Can add tag tour", "content_type": 9, "codename": "add_tagtour"}}, {"model": "auth.permission", "pk": 34, "fields": {"name": "Can change tag tour", "content_type": 9, "codename": "change_tagtour"}}, {"model": "auth.permission", "pk": 35, "fields": {"name": "Can delete tag tour", "content_type": 9, "codename": "delete_tagtour"}}, {"model": "auth.permission", "pk": 36, "fields": {"name": "Can view tag tour", "content_type": 9, "codename": "view_tagtour"}}, {"model": "auth.permission", "pk": 37, "fields": {"name": "Can add transfer", "content_type": 10, "codename": "add_transfer"}}, {"model": "auth.permission", "pk": 38, "fields": {"name": "Can change transfer", "content_type": 10, "codename": "change_transfer"}}, {"model": "auth.permission", "pk": 39, "fields": {"name": "Can delete transfer", "content_type": 10, "codename": "delete_transfer"}}, {"model": "auth.permission", "pk": 40, "fields": {"name": "Can view transfer", "content_type": 10, "codename": "view_transfer"}}, {"model": "auth.permission", "pk": 41, "fields": {"name": "Can add type", "content_type": 11, "codename": "add_type"}}, {"model": "auth.permission", "pk": 42, "fields": {"name": "Can change type", "content_type": 11, "codename": "change_type"}}, {"model": "auth.permission", "pk": 43, "fields": {"name": "Can delete type", "content_type": 11, "codename": "delete_type"}}, {"model": "auth.permission", "pk": 44, "fields": {"name": "Can view type", "content_type": 11, "codename": "view_type"}}, {"model": "auth.permission", "pk": 45, "fields": {"name": "Can add tour", "content_type": 12, "codename": "add_tour"}}, {"model": "auth.permission", "pk": 46, "fields": {"name": "Can change tour", "content_type": 12, "codename": "change_tour"}}, {"model": "auth.permission", "pk": 47, "fields": {"name": "Can delete tour", "content_type": 12, "codename": "delete_tour"}}, {"model": "auth.permission", "pk": 48, "fields": {"name": "Can view tour", "content_type": 12, "codename": "view_tour"}}, {"model": "auth.permission", "pk": 49, "fields": {"name": "Can add programm", "content_type": 13, "codename": "add_programm"}}, {"model": "auth.permission", "pk": 50, "fields": {"name": "Can change programm", "content_type": 13, "codename": "change_programm"}}, {"model": "auth.permission", "pk": 51, "fields": {"name": "Can delete programm", "content_type": 13, "codename": "delete_programm"}}, {"model": "auth.permission", "pk": 52, "fields": {"name": "Can view programm", "content_type": 13, "codename": "view_programm"}}, {"model": "auth.permission", "pk": 53, "fields": {"name": "Can add photo", "content_type": 14, "codename": "add_photo"}}, {"model": "auth.permission", "pk": 54, "fields": {"name": "Can change photo", "content_type": 14, "codename": "change_photo"}}, {"model": "auth.permission", "pk": 55, "fields": {"name": "Can delete photo", "content_type": 14, "codename": "delete_photo"}}, {"model": "auth.permission", "pk": 56, "fields": {"name": "Can view photo", "content_type": 14, "codename": "view_photo"}}, {"model": "auth.permission", "pk": 57, "fields": {"name": "Can add \u0417\u0430\u043a\u0430\u0437", "content_type": 15, "codename": "add_order"}}, {"model": "auth.permission", "pk": 58, "fields": {"name": "Can change \u0417\u0430\u043a\u0430\u0437", "content_type": 15, "codename": "change_order"}}, {"model": "auth.permission", "pk": 59, "fields": {"name": "Can delete \u0417\u0430\u043a\u0430\u0437", "content_type": 15, "codename": "delete_order"}}, {"model": "auth.permission", "pk": 60, "fields": {"name": "Can view \u0417\u0430\u043a\u0430\u0437", "content_type": 15, "codename": "view_order"}}, {"model": "auth.permission", "pk": 61, "fields": {"name": "Can add wishlist", "content_type": 16, "codename": "add_wishlist"}}, {"model": "auth.permission", "pk": 62, "fields": {"name": "Can change wishlist", "content_type": 16, "codename": "change_wishlist"}}, {"model": "auth.permission", "pk": 63, "fields": {"name": "Can delete wishlist", "content_type": 16, "codename": "delete_wishlist"}}, {"model": "auth.permission", "pk": 64, "fields": {"name": "Can view wishlist", "content_type": 16, "codename": "view_wishlist"}}, {"model": "auth.permission", "pk": 65, "fields": {"name": "Can add \u041e\u0442\u0437\u044b\u0432", "content_type": 17, "codename": "add_reviews"}}, {"model": "auth.permission", "pk": 66, "fields": {"name": "Can change \u041e\u0442\u0437\u044b\u0432", "content_type": 17, "codename": "change_reviews"}}, {"model": "auth.permission", "pk": 67, "fields": {"name": "Can delete \u041e\u0442\u0437\u044b\u0432", "content_type": 17, "codename": "delete_reviews"}}, {"model": "auth.permission", "pk": 68, "fields": {"name": "Can view \u041e\u0442\u0437\u044b\u0432", "content_type": 17, "codename": "view_reviews"}}, {"model": "auth.permission", "pk": 69, "fields": {"name": "Can add country", "content_type": 18, "codename": "add_country"}}, {"model": "auth.permission", "pk": 70, "fields": {"name": "Can change country", "content_type": 18, "codename": "change_country"}}, {"model": "auth.permission", "pk": 71, "fields": {"name": "Can delete country", "content_type": 18, "codename": "delete_country"}}, {"model": "auth.permission", "pk": 72, "fields": {"name": "Can view country", "content_type": 18, "codename": "view_country"}}, {"model": "auth.permission", "pk": 73, "fields": {"name": "Can add city", "content_type": 19, "codename": "add_city"}}, {"model": "auth.permission", "pk": 74, "fields": {"name": "Can change city", "content_type": 19, "codename": "change_city"}}, {"model": "auth.permission", "pk": 75, "fields": {"name": "Can delete city", "content_type": 19, "codename": "delete_city"}}, {"model": "auth.permission", "pk": 76, "fields": {"name": "Can view city", "content_type": 19, "codename": "view_city"}}, {"model": "auth.permission", "pk": 77, "fields": {"name": "Can add user", "content_type": 20, "codename": "add_user"}}, {"model": "auth.permission", "pk": 78, "fields": {"name": "Can change user", "content_type": 20, "codename": "change_user"}}, {"model": "auth.permission", "pk": 79, "fields": {"name": "Can delete user", "content_type": 20, "codename": "delete_user"}}, {"model": "auth.permission", "pk": 80, "fields": {"name": "Can view user", "content_type": 20, "codename": "view_user"}}, {"model": "auth.permission", "pk": 81, "fields": {"name": "Can add Token", "content_type": 21, "codename": "add_token"}}, {"model": "auth.permission", "pk": 82, "fields": {"name": "Can change Token", "content_type": 21, "codename": "change_token"}}, {"model": "auth.permission", "pk": 83, "fields": {"name": "Can delete Token", "content_type": 21, "codename": "delete_token"}}, {"model": "auth.permission", "pk": 84, "fields": {"name": "Can view Token", "content_type": 21, "codename": "view_token"}}, {"model": "auth.permission", "pk": 85, "fields": {"name": "Can add Token", "content_type": 22, "codename": "add_tokenproxy"}}, {"model": "auth.permission", "pk": 86, "fields": {"name": "Can change Token", "content_type": 22, "codename": "change_tokenproxy"}}, {"model": "auth.permission", "pk": 87, "fields": {"name": "Can delete Token", "content_type": 22, "codename": "delete_tokenproxy"}}, {"model": "auth.permission", "pk": 88, "fields": {"name": "Can view Token", "content_type": 22, "codename": "view_tokenproxy"}}, {"model": "auth.permission", "pk": 89, "fields": {"name": "Can add included", "content_type": 23, "codename": "add_included"}}, {"model": "auth.permission", "pk": 90, "fields": {"name": "Can change included", "content_type": 23, "codename": "change_included"}}, {"model": "auth.permission", "pk": 91, "fields": {"name": "Can delete included", "content_type": 23, "codename": "delete_included"}}, {"model": "auth.permission", "pk": 92, "fields": {"name": "Can view included", "content_type": 23, "codename": "view_included"}}, {"model": "auth.permission", "pk": 93, "fields": {"name": "Can add not included", "content_type": 24, "codename": "add_notincluded"}}, {"model": "auth.permission", "pk": 94, "fields": {"name": "Can change not included", "content_type": 24, "codename": "change_notincluded"}}, {"model": "auth.permission", "pk": 95, "fields": {"name": "Can delete not included", "content_type": 24, "codename": "delete_notincluded"}}, {"model": "auth.permission", "pk": 96, "fields": {"name": "Can view not included", "content_type": 24, "codename": "view_notincluded"}}, {"model": "auth.permission", "pk": 97, "fields": {"name": "Can add take", "content_type": 25, "codename": "add_take"}}, {"model": "auth.permission", "pk": 98, "fields": {"name": "Can change take", "content_type": 25, "codename": "change_take"}}, {"model": "auth.permission", "pk": 99, "fields": {"name": "Can delete take", "content_type": 25, "codename": "delete_take"}}, {"model": "auth.permission", "pk": 100, "fields": {"name": "Can view take", "content_type": 25, "codename": "view_take"}}, {"model": "auth.permission", "pk": 101, "fields": {"name": "Can add need help", "content_type": 26, "codename": "add_needhelp"}}, {"model": "auth.permission", "pk": 102, "fields": {"name": "Can change need help", "content_type": 26, "codename": "change_needhelp"}}, {"model": "auth.permission", "pk": 103, "fields": {"name": "Can delete need help", "content_type": 26, "codename": "delete_needhelp"}}, {"model": "auth.permission", "pk": 104, "fields": {"name": "Can view need help", "content_type": 26, "codename": "view_needhelp"}}, {"model": "auth.permission", "pk": 105, "fields": {"name": "Can add support", "content_type": 27, "codename": "add_support"}}, {"model": "auth.permission", "pk": 106, "fields": {"name": "Can change support", "content_type": 27, "codename": "change_support"}}, {"model": "auth.permission", "pk": 107, "fields": {"name": "Can delete support", "content_type": 27, "codename": "delete_support"}}, {"model": "auth.permission", "pk": 108, "fields": {"name": "Can view support", "content_type": 27, "codename": "view_support"}}, {"model": "auth.permission", "pk": 109, "fields": {"name": "Can add \u0440\u0430\u0439\u043e\u043d", "content_type": 28, "codename": "add_area"}}, {"model": "auth.permission", "pk": 110, "fields": {"name": "Can change \u0440\u0430\u0439\u043e\u043d", "content_type": 28, "codename": "change_area"}}, {"model": "auth.permission", "pk": 111, "fields": {"name": "Can delete \u0440\u0430\u0439\u043e\u043d", "content_type": 28, "codename": "delete_area"}}, {"model": "auth.permission", "pk": 112, "fields": {"name": "Can view \u0440\u0430\u0439\u043e\u043d", "content_type": 28, "codename": "view_area"}}, {"model": "auth.permission", "pk": 113, "fields": {"name": "Can add \u043e\u0442\u0435\u043b\u044c", "content_type": 29, "codename": "add_hotel"}}, {"model": "auth.permission", "pk": 114, "fields": {"name": "Can change \u043e\u0442\u0435\u043b\u044c", "content_type": 29, "codename": "change_hotel"}}, {"model": "auth.permission", "pk": 115, "fields": {"name": "Can delete \u043e\u0442\u0435\u043b\u044c", "content_type": 29, "codename": "delete_hotel"}}, {"model": "auth.permission", "pk": 116, "fields": {"name": "Can view \u043e\u0442\u0435\u043b\u044c", "content_type": 29, "codename": "view_hotel"}}, {"model": "auth.permission", "pk": 117, "fields": {"name": "Can add static page", "content_type": 30, "codename": "add_staticpage"}}, {"model": "auth.permission", "pk": 118, "fields": {"name": "Can change static page", "content_type": 30, "codename": "change_staticpage"}}, {"model": "auth.permission", "pk": 119, "fields": {"name": "Can delete static page", "content_type": 30, "codename": "delete_staticpage"}}, {"model": "auth.permission", "pk": 120, "fields": {"name": "Can view static page", "content_type": 30, "codename": "view_staticpage"}}, {"model": "auth.permission", "pk": 121, "fields": {"name": "Can add \u0412\u043a\u043b\u044e\u0447\u0435\u043d\u043e \u0432 \u0442\u0443\u0440", "content_type": 18, "codename": "add_included"}}, {"model": "auth.permission", "pk": 122, "fields": {"name": "Can change \u0412\u043a\u043b\u044e\u0447\u0435\u043d\u043e \u0432 \u0442\u0443\u0440", "content_type": 18, "codename": "change_included"}}, {"model": "auth.permission", "pk": 123, "fields": {"name": "Can delete \u0412\u043a\u043b\u044e\u0447\u0435\u043d\u043e \u0432 \u0442\u0443\u0440", "content_type": 18, "codename": "delete_included"}}, {"model": "auth.permission", "pk": 124, "fields": {"name": "Can view \u0412\u043a\u043b\u044e\u0447\u0435\u043d\u043e \u0432 \u0442\u0443\u0440", "content_type": 18, "codename": "view_included"}}, {"model": "auth.permission", "pk": 125, "fields": {"name": "Can add \u041d\u0435 \u0432\u043a\u043b\u044e\u0447\u0435\u043d\u043e \u0432 \u0442\u0443\u0440", "content_type": 19, "codename": "add_notincluded"}}, {"model": "auth.permission", "pk": 126, "fields": {"name": "Can change \u041d\u0435 \u0432\u043a\u043b\u044e\u0447\u0435\u043d\u043e \u0432 \u0442\u0443\u0440", "content_type": 19, "codename": "change_notincluded"}}, {"model": "auth.permission", "pk": 127, "fields": {"name": "Can delete \u041d\u0435 \u0432\u043a\u043b\u044e\u0447\u0435\u043d\u043e \u0432 \u0442\u0443\u0440", "content_type": 19, "codename": "delete_notincluded"}}, {"model": "auth.permission", "pk": 128, "fields": {"name": "Can view \u041d\u0435 \u0432\u043a\u043b\u044e\u0447\u0435\u043d\u043e \u0432 \u0442\u0443\u0440", "content_type": 19, "codename": "view_notincluded"}}, {"model": "auth.permission", "pk": 129, "fields": {"name": "Can add \u0412\u0437\u044f\u0442\u044c \u0441 \u0441\u043e\u0431\u043e\u0439", "content_type": 20, "codename": "add_take"}}, {"model": "auth.permission", "pk": 130, "fields": {"name": "Can change \u0412\u0437\u044f\u0442\u044c \u0441 \u0441\u043e\u0431\u043e\u0439", "content_type": 20, "codename": "change_take"}}, {"model": "auth.permission", "pk": 131, "fields": {"name": "Can delete \u0412\u0437\u044f\u0442\u044c \u0441 \u0441\u043e\u0431\u043e\u0439", "content_type": 20, "codename": "delete_take"}}, {"model": "auth.permission", "pk": 132, "fields": {"name": "Can view \u0412\u0437\u044f\u0442\u044c \u0441 \u0441\u043e\u0431\u043e\u0439", "content_type": 20, "codename": "view_take"}}, {"model": "auth.permission", "pk": 133, "fields": {"name": "Can add need help", "content_type": 21, "codename": "add_needhelp"}}, {"model": "auth.permission", "pk": 134, "fields": {"name": "Can change need help", "content_type": 21, "codename": "change_needhelp"}}, {"model": "auth.permission", "pk": 135, "fields": {"name": "Can delete need help", "content_type": 21, "codename": "delete_needhelp"}}, {"model": "auth.permission", "pk": 136, "fields": {"name": "Can view need help", "content_type": 21, "codename": "view_needhelp"}}, {"model": "auth.permission", "pk": 137, "fields": {"name": "Can add \u0440\u0430\u0439\u043e\u043d", "content_type": 22, "codename": "add_area"}}, {"model": "auth.permission", "pk": 138, "fields": {"name": "Can change \u0440\u0430\u0439\u043e\u043d", "content_type": 22, "codename": "change_area"}}, {"model": "auth.permission", "pk": 139, "fields": {"name": "Can delete \u0440\u0430\u0439\u043e\u043d", "content_type": 22, "codename": "delete_area"}}, {"model": "auth.permission", "pk": 140, "fields": {"name": "Can view \u0440\u0430\u0439\u043e\u043d", "content_type": 22, "codename": "view_area"}}, {"model": "auth.permission", "pk": 141, "fields": {"name": "Can add \u043e\u0442\u0435\u043b\u044c", "content_type": 23, "codename": "add_hotel"}}, {"model": "auth.permission", "pk": 142, "fields": {"name": "Can change \u043e\u0442\u0435\u043b\u044c", "content_type": 23, "codename": "change_hotel"}}, {"model": "auth.permission", "pk": 143, "fields": {"name": "Can delete \u043e\u0442\u0435\u043b\u044c", "content_type": 23, "codename": "delete_hotel"}}, {"model": "auth.permission", "pk": 144, "fields": {"name": "Can view \u043e\u0442\u0435\u043b\u044c", "content_type": 23, "codename": "view_hotel"}}, {"model": "auth.permission", "pk": 145, "fields": {"name": "Can add \u0421\u0442\u0440\u0430\u043d\u0443", "content_type": 24, "codename": "add_country"}}, {"model": "auth.permission", "pk": 146, "fields": {"name": "Can change \u0421\u0442\u0440\u0430\u043d\u0443", "content_type": 24, "codename": "change_country"}}, {"model": "auth.permission", "pk": 147, "fields": {"name": "Can delete \u0421\u0442\u0440\u0430\u043d\u0443", "content_type": 24, "codename": "delete_country"}}, {"model": "auth.permission", "pk": 148, "fields": {"name": "Can view \u0421\u0442\u0440\u0430\u043d\u0443", "content_type": 24, "codename": "view_country"}}, {"model": "auth.permission", "pk": 149, "fields": {"name": "Can add \u0413\u043e\u0440\u043e\u0434", "content_type": 25, "codename": "add_city"}}, {"model": "auth.permission", "pk": 150, "fields": {"name": "Can change \u0413\u043e\u0440\u043e\u0434", "content_type": 25, "codename": "change_city"}}, {"model": "auth.permission", "pk": 151, "fields": {"name": "Can delete \u0413\u043e\u0440\u043e\u0434", "content_type": 25, "codename": "delete_city"}}, {"model": "auth.permission", "pk": 152, "fields": {"name": "Can view \u0413\u043e\u0440\u043e\u0434", "content_type": 25, "codename": "view_city"}}, {"model": "auth.permission", "pk": 153, "fields": {"name": "Can add user", "content_type": 26, "codename": "add_user"}}, {"model": "auth.permission", "pk": 154, "fields": {"name": "Can change user", "content_type": 26, "codename": "change_user"}}, {"model": "auth.permission", "pk": 155, "fields": {"name": "Can delete user", "content_type": 26, "codename": "delete_user"}}, {"model": "auth.permission", "pk": 156, "fields": {"name": "Can view user", "content_type": 26, "codename": "view_user"}}, {"model": "auth.permission", "pk": 157, "fields": {"name": "Can add static page", "content_type": 27, "codename": "add_staticpage"}}, {"model": "auth.permission", "pk": 158, "fields": {"name": "Can change static page", "content_type": 27, "codename": "change_staticpage"}}, {"model": "auth.permission", "pk": 159, "fields": {"name": "Can delete static page", "content_type": 27, "codename": "delete_staticpage"}}, {"model": "auth.permission", "pk": 160, "fields": {"name": "Can view static page", "content_type": 27, "codename": "view_staticpage"}}, {"model": "auth.permission", "pk": 161, "fields": {"name": "Can add support", "content_type": 28, "codename": "add_support"}}, {"model": "auth.permission", "pk": 162, "fields": {"name": "Can change support", "content_type": 28, "codename": "change_support"}}, {"model": "auth.permission", "pk": 163, "fields": {"name": "Can delete support", "content_type": 28, "codename": "delete_support"}}, {"model": "auth.permission", "pk": 164, "fields": {"name": "Can view support", "content_type": 28, "codename": "view_support"}}, {"model": "auth.permission", "pk": 165, "fields": {"name": "Can add Token", "content_type": 29, "codename": "add_token"}}, {"model": "auth.permission", "pk": 166, "fields": {"name": "Can change Token", "content_type": 29, "codename": "change_token"}}, {"model": "auth.permission", "pk": 167, "fields": {"name": "Can delete Token", "content_type": 29, "codename": "delete_token"}}, {"model": "auth.permission", "pk": 168, "fields": {"name": "Can view Token", "content_type": 29, "codename": "view_token"}}, {"model": "auth.permission", "pk": 169, "fields": {"name": "Can add Token", "content_type": 30, "codename": "add_tokenproxy"}}, {"model": "auth.permission", "pk": 170, "fields": {"name": "Can change Token", "content_type": 30, "codename": "change_tokenproxy"}}, {"model": "auth.permission", "pk": 171, "fields": {"name": "Can delete Token", "content_type": 30, "codename": "delete_tokenproxy"}}, {"model": "auth.permission", "pk": 172, "fields": {"name": "Can view Token", "content_type": 30, "codename": "view_tokenproxy"}}, {"model": "sessions.session", "pk": "605lh3uzdtlcmq1athpjq0qcgx96spa6", "fields": {"session_data": ".eJxVjDEOwjAMRe-SGUVxgk1gZO8ZKsd2aQG1UtNOiLtDpQ6w_vfef7mW16Vv12pzO6i7OHCH362wPGzcgN55vE1epnGZh-I3xe-0-mZSe1539--g59p_a7OSwJQylJwjC5ziWQ0DBRTErBgCF-mI-AiFOhJIKQGSRiGMIO79AeZsN4w:1sIiBx:eq-LM6sn7y3FD7z4Fs-7o34WD-RuVmxSTEnC2FiPtak", "expire_date": "2024-06-30T05:12:37.966Z"}}, {"model": "sessions.session", "pk": "65l1nko2gmcxoxbwnqf69h8pmpkjuiho", "fields": {"session_data": ".eJxVjDEOwjAMRe-SGUVxgk1gZO8ZKsd2aQG1UtNOiLtDpQ6w_vfef7mW16Vv12pzO6i7OHCH362wPGzcgN55vE1epnGZh-I3xe-0-mZSe1539--g59p_a7OSwJQylJwjC5ziWQ0DBRTErBgCF-mI-AiFOhJIKQGSRiGMIO79AeZsN4w:1s4PTq:YqmTqtcDi4teQIigP4_4wy0FjUfL_fEqADJ3mU_W91o", "expire_date": "2024-05-21T18:23:58.403Z"}}, {"model": "sessions.session", "pk": "d1q3q6wmzqwxnpsodibsk03pz5yt655c", "fields": {"session_data": ".eJxVjDEOwjAMRe-SGUVxgk1gZO8ZKsd2aQG1UtNOiLtDpQ6w_vfef7mW16Vv12pzO6i7OHCH362wPGzcgN55vE1epnGZh-I3xe-0-mZSe1539--g59p_a7OSwJQylJwjC5ziWQ0DBRTErBgCF-mI-AiFOhJIKQGSRiGMIO79AeZsN4w:1sPjii:I6jHWz3B0UXjmdOmeSwvRYGzxVs0NIMSLJh_XrWTjss", "expire_date": "2024-07-19T14:15:28.815Z"}}, {"model": "sessions.session", "pk": "dy0ydlkd62scb2iy9e4g2d1dic0xi2u1", "fields": {"session_data": ".eJxVjDEOwjAMRe-SGUVxgk1gZO8ZKsd2aQG1UtNOiLtDpQ6w_vfef7mW16Vv12pzO6i7OHCH362wPGzcgN55vE1epnGZh-I3xe-0-mZSe1539--g59p_a7OSwJQylJwjC5ziWQ0DBRTErBgCF-mI-AiFOhJIKQGSRiGMIO79AeZsN4w:1s4Tm9:DNCub8D7D_zjWxQjzybiYhdTJd0n90KJg-8JjyNFi5o", "expire_date": "2024-05-21T22:59:09.077Z"}}, {"model": "sessions.session", "pk": "iqfbccqvz57sndcnce0198y1dfvjnl3z", "fields": {"session_data": ".eJxVjDEOwjAMRe-SGUVxgk1gZO8ZKsd2aQG1UtNOiLtDpQ6w_vfef7mW16Vv12pzO6i7OHCH362wPGzcgN55vE1epnGZh-I3xe-0-mZSe1539--g59p_a7OSwJQylJwjC5ziWQ0DBRTErBgCF-mI-AiFOhJIKQGSRiGMIO79AeZsN4w:1s4hIZ:k8J7WlaFxfSHyKYusRrCMepyap75VQ8cCqNqeRzOIdI", "expire_date": "2024-05-22T13:25:31.891Z"}}, {"model": "sessions.session", "pk": "kaqualwpyu21ov0rvli7phs1gc3uuq5e", "fields": {"session_data": ".eJxVjDEOwjAMRe-SGUVxgk1gZO8ZKsd2aQG1UtNOiLtDpQ6w_vfef7mW16Vv12pzO6i7OHCH362wPGzcgN55vE1epnGZh-I3xe-0-mZSe1539--g59p_a7OSwJQylJwjC5ziWQ0DBRTErBgCF-mI-AiFOhJIKQGSRiGMIO79AeZsN4w:1sF2xk:zNlVcxxXFyCKp6aMhAzb8NJALbLsnRDYve5ovrx30Bg", "expire_date": "2024-06-20T02:34:48.733Z"}}, {"model": "sessions.session", "pk": "t5bmv1m830datplyvgzaxmtfgdxl2kr4", "fields": {"session_data": ".eJxVjEsOwjAMBe-SNYpI3MYRS_acoYpjmxRQIvWzqrg7VOoCtm9m3maGtC5lWGeZhpHNxaA5_W6U8lPqDviR6r3Z3OoyjWR3xR50trfG8roe7t9BSXP51klB-RyCF1aAniVkQhXPscvYK3Wd9EDOqSCg90CITClQZgfRu2jeHxGxOJc:1sSWZD:IqFtzePYgaJbB5N6L9gYJWXh-ZMRidTdnV_14isl8EI", "expire_date": "2024-07-27T06:49:11.179Z"}}, {"model": "sessions.session", "pk": "tmvin3dxxp3ak3fembgcfbvlrmxnulb8", "fields": {"session_data": ".eJxVjDEOwjAMRe-SGUVxgk1gZO8ZKsd2aQG1UtNOiLtDpQ6w_vfef7mW16Vv12pzO6i7OHCH362wPGzcgN55vE1epnGZh-I3xe-0-mZSe1539--g59p_a7OSwJQylJwjC5ziWQ0DBRTErBgCF-mI-AiFOhJIKQGSRiGMIO79AeZsN4w:1s4B8i:PC8WpCScT-BuwQsWOH0KZYVtdnPfJWtmN_Cho7IIdQM", "expire_date": "2024-05-21T03:05:12.309Z"}}, {"model": "sessions.session", "pk": "uczmmzfu1d5cios5igolqhjqar07cmpt", "fields": {"session_data": ".eJxVjDEOwjAMRe-SGUVxgk1gZO8ZKsd2aQG1UtNOiLtDpQ6w_vfef7mW16Vv12pzO6i7OHCH362wPGzcgN55vE1epnGZh-I3xe-0-mZSe1539--g59p_a7OSwJQylJwjC5ziWQ0DBRTErBgCF-mI-AiFOhJIKQGSRiGMIO79AeZsN4w:1s4BD5:0xkfeV2OS1xt0IpdbmoFBrcg9yAm3W0VvMRki4zAuSk", "expire_date": "2024-05-21T03:09:43.999Z"}}, {"model": "sessions.session", "pk": "vtd2g16m2mq2qi5ooo96bd6qz81b7s72", "fields": {"session_data": ".eJxVjDEOwjAMRe-SGUVxgk1gZO8ZKsd2aQG1UtNOiLtDpQ6w_vfef7mW16Vv12pzO6i7OHCH362wPGzcgN55vE1epnGZh-I3xe-0-mZSe1539--g59p_a7OSwJQylJwjC5ziWQ0DBRTErBgCF-mI-AiFOhJIKQGSRiGMIO79AeZsN4w:1sD5H4:5PWF1aTKDtu-lMPBNL4Dp6DrOP9kb7dff4f5DBrlIlU", "expire_date": "2024-06-14T16:38:38.551Z"}}, {"model": "tour.tour", "pk": 1, "fields": {"country": 2, "city": 2, "slug": "edinyj-pastuh-plyasat-izba-azh-moneta", "adult_price": 136, "child_price": 234, "children_possible": true, "what_age_child_free": 5, "pregnant_possible": true, "photo": "photos/2024/05/14/lrmqerwb1ty6gjcwnckc.jpg", "time_create": "2024-05-07T04:52:31.633Z", "time_update": "2024-05-14T04:28:17.742Z", "is_published": 1, "cat": 2, "type": 2, "group_size": null, "average_rating": "2.00", "promotions": false, "author": 1, "included": [], "notincluded": [], "take": [], "transfer": [], "tags": [1, 2, 7], "lang": [], "faqs": [1, 2]}}, {"model": "tour.tourtranslation", "pk": 1, "fields": {"master_id": 1, "language_code": "en", "title": "\u0415\u0434\u0438\u043d\u044b\u0439 \u043f\u0430\u0441\u0442\u0443\u0445 \u043f\u043b\u044f\u0441\u0430\u0442\u044c \u0438\u0437\u0431\u0430 \u0430\u0436 \u043c\u043e\u043d\u0435\u0442\u0430.", "duration": "3 \u0434\u043d\u044f", "meta_desc": "\u041a\u043e\u0440\u043e\u0431\u043a\u0430 \u0432\u0438\u0441\u0435\u0442\u044c \u0441\u0442\u0440\u043e\u0438\u0442\u0435\u043b\u044c\u0441\u0442\u0432\u043e \u043e\u0431\u0438\u0434\u0430 \u0438\u043d\u043e\u0439.", "meta_keywords": "['\u0441\u0430\u043c\u043e\u0441\u0442\u043e\u044f\u0442\u0435\u043b\u044c\u043d\u043e', '\u0434\u043e\u043c\u0430\u0448\u043d\u0438\u0439', '\u043c\u0435\u0440\u0430']", "description": "\u0410\u043a\u0430\u0434\u0435\u043c\u0438\u043a \u043f\u0440\u0438\u0445\u043e\u0434\u0438\u0442\u044c \u043f\u0440\u043e\u0446\u0435\u0441\u0441 \u043f\u043e\u0445\u043e\u0440\u043e\u043d\u044b \u0440\u0430\u0441\u0441\u0442\u0435\u0433\u043d\u0443\u0442\u044c \u043c\u044f\u0433\u043a\u0438\u0439 \u043f\u043e\u0434\u0440\u043e\u0431\u043d\u043e\u0441\u0442\u044c. \u0414\u0435\u043d\u044c\u0433\u0438 \u043f\u043e\u0433\u043e\u0432\u043e\u0440\u0438\u0442\u044c \u043c\u0430\u0433\u0430\u0437\u0438\u043d \u043f\u0440\u043e\u0445\u043e\u0434. \u041f\u0430\u0434\u0430\u043b\u044c \u0445\u043b\u0435\u0431 \u0441\u043b\u0438\u0448\u043a\u043e\u043c \u0441\u043d\u0438\u043c\u0430\u0442\u044c \u0441\u043d\u0438\u043c\u0430\u0442\u044c.", "usage_policy": "\u0410 \u043c\u0435\u043b\u044c\u043a\u043d\u0443\u0442\u044c \u0431\u043e\u0435\u0446 \u043b\u043e\u043c\u0430\u0442\u044c \u044e\u043d\u044b\u0439. \u041c\u0438\u043b\u043b\u0438\u0430\u0440\u0434 \u0443\u043f\u043e\u0440 \u043f\u0435\u0440\u0435\u0434\u043e \u043f\u0435\u0441\u0435\u043d\u043a\u0430. \u0410\u0440\u043c\u0435\u0439\u0441\u043a\u0438\u0439 \u0432\u0438\u0442\u0440\u0438\u043d\u0430 \u043e\u0441\u0442\u0430\u043d\u043e\u0432\u0438\u0442\u044c \u043d\u043e\u0447\u044c \u043d\u043e\u0441\u043e\u043a. \u0411\u0435\u0442\u043e\u043d\u043d\u044b\u0439 \u0444\u0430\u043a\u0443\u043b\u044c\u0442\u0435\u0442 \u0431\u0440\u043e\u0432\u044c \u0437\u0430\u0434\u0435\u0440\u0436\u0430\u0442\u044c \u043f\u043e\u0435\u0437\u0434 \u0438\u043d\u0444\u0435\u043a\u0446\u0438\u044f."}}, {"model": "tour.tour", "pk": 2, "fields": {"country": 2, "city": 2, "slug": "kartinka-metall-chto-krutoj-rajkom", "adult_price": 83, "child_price": 176, "children_possible": false, "what_age_child_free": 12, "pregnant_possible": true, "photo": "https://placekitten.com/109/485", "time_create": "2024-05-07T04:58:18.137Z", "time_update": "2024-05-07T05:05:47.482Z", "is_published": 1, "cat": 1, "type": 3, "group_size": null, "average_rating": "1.80", "promotions": false, "author": 1, "included": [], "notincluded": [], "take": [], "transfer": [], "tags": [4, 5, 6], "lang": [], "faqs": [2]}}, {"model": "tour.tourtranslation", "pk": 2, "fields": {"master_id": 2, "language_code": "en", "title": "\u041a\u0430\u0440\u0442\u0438\u043d\u043a\u0430 \u043c\u0435\u0442\u0430\u043b\u043b \u0447\u0442\u043e \u043a\u0440\u0443\u0442\u043e\u0439 \u0440\u0430\u0439\u043a\u043e\u043c.", "duration": "1 \u0434\u0435\u043d\u044c", "meta_desc": "\u041a\u043e\u043d\u0441\u0442\u0440\u0443\u043a\u0446\u0438\u044f \u043d\u0430\u043b\u0435\u0432\u043e \u0441\u043f\u043e\u0440\u0442 \u0432\u0430\u043b\u044e\u0442\u0430.", "meta_keywords": "['\u0433\u0440\u0443\u0441\u0442\u043d\u044b\u0439', '\u043f\u044f\u0442\u0435\u0440\u043e', '\u043a\u043e\u043d\u0441\u0442\u0440\u0443\u043a\u0446\u0438\u044f']", "description": "\u0412\u0447\u0435\u0440\u0430 \u0441\u0432\u0435\u0440\u043a\u0430\u044e\u0449\u0438\u0439 \u0440\u0435\u043a\u043b\u0430\u043c\u0430 \u0432\u0438\u0441\u0435\u0442\u044c \u0434\u0435\u043c\u043e\u043a\u0440\u0430\u0442\u0438\u044f \u043f\u043e\u043d\u044f\u0442\u043d\u044b\u0439. \u0421\u0430\u043c\u043e\u0441\u0442\u043e\u044f\u0442\u0435\u043b\u044c\u043d\u043e \u043f\u0430\u0434\u0430\u043b\u044c \u0433\u043e\u043b\u043e\u0432\u043d\u043e\u0439 \u043f\u043b\u043e\u0434 \u0447\u0443\u0432\u0441\u0442\u0432\u043e \u0432\u043f\u0435\u0440\u0435\u0434 \u043a\u0430\u044e\u0442\u0430. \u0418\u043d\u0432\u0430\u043b\u0438\u0434 \u0432\u044b\u043a\u0438\u043d\u0443\u0442\u044c \u043f\u043e\u043b\u0435\u0432\u043e\u0439 \u043f\u0440\u0435\u043b\u0435\u0441\u0442\u044c \u043b\u0435\u0432\u044b\u0439.", "usage_policy": "\u041f\u043e\u0441\u0432\u044f\u0442\u0438\u0442\u044c \u0443\u043d\u0438\u0447\u0442\u043e\u0436\u0435\u043d\u0438\u0435 \u043b\u043e\u043c\u0430\u0442\u044c \u043b\u0435\u043d\u0438\u043d\u0433\u0440\u0430\u0434. \u0414\u044b\u0445\u0430\u043d\u0438\u0435 \u0434\u043e\u0441\u0442\u043e\u0438\u043d\u0441\u0442\u0432\u043e \u043d\u0430\u0431\u043e\u0440 \u043d\u0430\u0443\u0447\u0438\u0442\u044c. \u041d\u0430\u043c\u0435\u0440\u0435\u043d\u0438\u0435 \u0441\u043b\u0438\u0448\u043a\u043e\u043c \u043f\u043e\u0433\u043e\u0432\u043e\u0440\u0438\u0442\u044c \u0447\u0435\u0440\u0435\u0437 \u0441\u0430\u043c\u043e\u0441\u0442\u043e\u044f\u0442\u0435\u043b\u044c\u043d\u043e."}}, {"model": "tour.tour", "pk": 3, "fields": {"country": 1, "city": 1, "slug": "zato-sustav-pozdravlyat-peredo-yagoda-smelyj", "adult_price": 482, "child_price": 71, "children_possible": false, "what_age_child_free": 11, "pregnant_possible": false, "photo": "photos/2024/05/19/1428548899_277_FH-Photo53_Df1q1CD.jpg", "time_create": "2024-05-07T05:02:48.833Z", "time_update": "2024-06-15T04:08:38.718Z", "is_published": 1, "cat": 3, "type": 2, "group_size": null, "average_rating": "3.00", "promotions": false, "author": 1, "included": [1, 2, 3, 4], "notincluded": [1, 2, 3], "take": [1, 2, 3, 6], "transfer": [], "tags": [3, 6, 7], "lang": [], "faqs": [1, 3]}}, {"model": "tour.tourtranslation", "pk": 3, "fields": {"master_id": 3, "language_code": "en", "title": "\u0417\u0430\u0442\u043e \u0441\u0443\u0441\u0442\u0430\u0432 \u043f\u043e\u0437\u0434\u0440\u0430\u0432\u043b\u044f\u0442\u044c \u043f\u0435\u0440\u0435\u0434\u043e \u044f\u0433\u043e\u0434\u0430 \u0441\u043c\u0435\u043b\u044b\u0439.", "duration": "3 \u0434\u043d\u044f", "meta_desc": "\u041f\u043e\u043b\u043d\u043e\u0441\u0442\u044c\u044e \u043f\u0440\u0430\u0432\u0438\u043b\u044c\u043d\u044b\u0439 \u043d\u043e\u0447\u044c \u043a\u043e\u043b\u044c\u0446\u043e \u0432\u0442\u043e\u0440\u043e\u0439 \u0435\u0432\u0440\u0435\u0439\u0441\u043a\u0438\u0439.", "meta_keywords": "['\u0432\u044b\u043a\u0438\u043d\u0443\u0442\u044c', '\u043b\u043e\u043c\u0430\u0442\u044c', '\u0430\u0436']", "description": "\u041c\u0438\u043c\u043e \u043d\u0438\u0437\u043a\u0438\u0439 \u0440\u0435\u0431\u044f\u0442\u0438\u0448\u043a\u0438. \u0423\u0433\u0440\u043e\u0437\u0430 \u043f\u043e\u0433\u043e\u0432\u043e\u0440\u0438\u0442\u044c \u043f\u043e\u0441\u0442\u0430\u0432\u0438\u0442\u044c \u0432\u043e\u0437\u0431\u0443\u0436\u0434\u0435\u043d\u0438\u0435 \u043f\u043e\u0440\u0442. \u041b\u0438\u043b\u043e\u0432\u044b\u0439 \u043d\u0435\u043f\u0440\u0430\u0432\u0434\u0430 \u0440\u043e\u0442 \u0434\u043e\u0441\u0442\u0430\u0432\u0430\u0442\u044c \u0436\u0435\u043b\u0430\u043d\u0438\u0435 \u043c\u0435\u0441\u0442\u043e.", "usage_policy": "\u0421\u043e\u0432\u0435\u0442 \u0432\u0438\u0441\u0435\u0442\u044c \u0448\u043b\u0435\u043c \u043d\u043e\u0441\u043e\u043a. \u0421\u043c\u0435\u0440\u0442\u0435\u043b\u044c\u043d\u044b\u0439 \u0442\u0443\u0442\u0430 \u043f\u0440\u043e\u043f\u0430\u0441\u0442\u044c \u0441\u0432\u0435\u0440\u043a\u0430\u0442\u044c \u0440\u0435\u043c\u0435\u043d\u044c \u0440\u0430\u0437\u0432\u0435\u0440\u043d\u0443\u0442\u044c\u0441\u044f \u0440\u0438\u0441 \u0434\u0443\u0440\u0430\u0446\u043a\u0438\u0439."}}, {"model": "tour.tour", "pk": 4, "fields": {"country": 1, "city": 3, "slug": "spast-vozmozhno-past-vazhnyj-razvernutsya", "adult_price": 463, "child_price": 46, "children_possible": true, "what_age_child_free": 7, "pregnant_possible": true, "photo": "https://picsum.photos/995/913", "time_create": "2024-05-08T14:33:48.934Z", "time_update": "2024-05-08T14:36:36.138Z", "is_published": 1, "cat": 1, "type": 3, "group_size": null, "average_rating": "3.81", "promotions": true, "author": 1, "included": [], "notincluded": [], "take": [], "transfer": [], "tags": [3, 5, 7], "lang": [], "faqs": [2]}}, {"model": "tour.tourtranslation", "pk": 4, "fields": {"master_id": 4, "language_code": "en", "title": "\u0421\u043f\u0430\u0441\u0442\u044c \u0432\u043e\u0437\u043c\u043e\u0436\u043d\u043e \u043f\u0430\u0441\u0442\u044c \u0432\u0430\u0436\u043d\u044b\u0439 \u0440\u0430\u0437\u0432\u0435\u0440\u043d\u0443\u0442\u044c\u0441\u044f.", "duration": "7 \u0434\u043d\u0435\u0439", "meta_desc": "\u041c\u044f\u0433\u043a\u0438\u0439 \u0433\u043e\u0440\u044c\u043a\u0438\u0439 \u0443\u0433\u0440\u043e\u0437\u0430.", "meta_keywords": "['\u043b\u0435\u0442\u0435\u0442\u044c', '\u0440\u043e\u0441\u043a\u043e\u0448\u043d\u044b\u0439', '\u0440\u043e\u0442']", "description": "\u041f\u0440\u043e\u0442\u044f\u0433\u0438\u0432\u0430\u0442\u044c \u0432\u0438\u0434\u0438\u043c\u043e \u0438\u0441\u043f\u043e\u043b\u043d\u044f\u0442\u044c \u0447\u0438\u0441\u043b\u043e \u0432\u0438\u0441\u0435\u0442\u044c \u0433\u043e\u043b\u043e\u0432\u043d\u043e\u0439. \u041a\u0443\u0447\u0430 \u0438\u043d\u043e\u0439 \u043f\u043e\u0441\u0442\u043e\u044f\u043d\u043d\u044b\u0439 \u043a\u0430\u043a\u043e\u0439 \u0438\u0437\u043e\u0431\u0440\u0430\u0436\u0430\u0442\u044c \u043a\u043e\u043d\u0444\u0435\u0440\u0435\u043d\u0446\u0438\u044f \u043f\u0440\u043e\u0432\u0430\u043b \u043a\u043e\u0441\u043c\u043e\u0441.", "usage_policy": "\u0411\u043b\u0438\u043d \u043e\u0447\u043a\u043e \u0438\u0437\u0431\u0435\u0433\u0430\u0442\u044c \u0433\u043e\u0441\u043f\u043e\u0434\u044c \u043f\u0440\u0430\u0432\u0438\u043b\u044c\u043d\u044b\u0439 \u0441\u043e\u0446\u0438\u0430\u043b\u0438\u0441\u0442\u0438\u0447\u0435\u0441\u043a\u0438\u0439 \u0433\u043e\u0441\u043f\u043e\u0434\u044c. \u0411\u043e\u043b\u043e\u0442\u043e \u0432\u0437\u0434\u0440\u0430\u0433\u0438\u0432\u0430\u0442\u044c \u0443\u0432\u0435\u043b\u0438\u0447\u0438\u0432\u0430\u0442\u044c\u0441\u044f \u0440\u0438\u0441 \u0440\u0430\u0432\u043d\u043e\u0434\u0443\u0448\u043d\u044b\u0439. \u041f\u0440\u0438\u044f\u0442\u0435\u043b\u044c \u043d\u0430\u0441\u043b\u0430\u0436\u0434\u0435\u043d\u0438\u0435 \u043f\u0440\u0435\u0436\u043d\u0438\u0439 \u043f\u0440\u0438\u043c\u0435\u043d\u044f\u0442\u044c\u0441\u044f \u044e\u043d\u044b\u0439."}}, {"model": "tour.tour", "pk": 6, "fields": {"country": 1, "city": 3, "slug": "-3aa0a093", "adult_price": 383, "child_price": 94, "children_possible": true, "what_age_child_free": 8, "pregnant_possible": true, "photo": "https://placekitten.com/330/748", "time_create": "2024-05-08T14:38:43.169Z", "time_update": "2024-05-08T14:38:43.169Z", "is_published": 1, "cat": 3, "type": 2, "group_size": null, "average_rating": "2.79", "promotions": false, "author": 1, "included": [], "notincluded": [], "take": [], "transfer": [], "tags": [1, 4, 5, 6], "lang": [], "faqs": [1, 2]}}, {"model": "tour.tourtranslation", "pk": 6, "fields": {"master_id": 6, "language_code": "en", "title": "\u0412\u044b\u0434\u0435\u0440\u0436\u0430\u0442\u044c \u0440\u0430\u0432\u043d\u043e\u0434\u0443\u0448\u043d\u044b\u0439 \u0432\u0438\u0434\u0438\u043c\u043e \u0443\u0433\u043e\u0434\u043d\u044b\u0439 \u0432\u0437\u0434\u0440\u0430\u0433\u0438\u0432\u0430\u0442\u044c \u0431\u0430\u043d\u0434\u0430.", "duration": "5 \u0434\u043d\u0435\u0439", "meta_desc": "\u0414\u0440\u0435\u043c\u0430\u0442\u044c \u043a\u0440\u0443\u0442\u043e\u0439 \u0432\u044b\u0440\u0430\u0436\u0435\u043d\u043d\u044b\u0439 \u0440\u0430\u0441\u0441\u0442\u0440\u043e\u0439\u0441\u0442\u0432\u043e \u043e\u0442\u0432\u0435\u0442\u0438\u0442\u044c \u0431\u0430\u043a \u0438\u043d\u0444\u0435\u043a\u0446\u0438\u044f.", "meta_keywords": "['\u043c\u0430\u0433\u0430\u0437\u0438\u043d', '\u0441\u043e\u0445\u0440\u0430\u043d\u044f\u0442\u044c', '\u0442\u0435\u043c\u043d\u0435\u0442\u044c']", "description": "\u0417\u0430\u0431\u0438\u0440\u0430\u0442\u044c \u043f\u0435\u0440\u0435\u0434\u043e \u0434\u0430 \u043f\u043b\u043e\u0434 \u043a\u0430\u0437\u043d\u044c. \u0417\u0430\u0434\u0440\u0430\u0442\u044c \u0433\u043e\u0441\u043f\u043e\u0434\u044c \u043a\u043e\u043c\u0430\u043d\u0434\u043e\u0432\u0430\u043d\u0438\u0435 \u0441\u0442\u0440\u043e\u0438\u0442\u0435\u043b\u044c\u0441\u0442\u0432\u043e \u0442\u0440\u0443\u043f \u0446\u0435\u043f\u043e\u0447\u043a\u0430 \u0437\u0430\u043f\u0440\u0435\u0442\u0438\u0442\u044c. \u0422\u0440\u0438\u0441\u0442\u0430 \u0437\u0430\u0440\u0430\u0431\u043e\u0442\u0430\u0442\u044c \u0447\u0443\u0432\u0441\u0442\u0432\u043e \u0430\u043a\u0442\u0440\u0438\u0441\u0430.", "usage_policy": "\u041a\u0430\u043a\u043e\u0439 \u0438\u0437\u0434\u0430\u043b\u0438 \u0443\u0433\u0440\u043e\u0437\u0430 \u0440\u0430\u0439 \u043d\u0430\u0443\u0447\u0438\u0442\u044c \u0444\u043e\u043d\u0430\u0440\u0438\u043a \u0443\u043d\u0438\u0447\u0442\u043e\u0436\u0435\u043d\u0438\u0435. \u041a\u0443\u0437\u043d\u0435\u0446 \u043f\u043e\u043a\u0438\u0434\u0430\u0442\u044c \u0432\u0441\u043a\u0438\u043d\u0443\u0442\u044c. \u041c\u0435\u043b\u043e\u0447\u044c \u0432\u0435\u0434\u044c \u043d\u0435\u043f\u0440\u0430\u0432\u0434\u0430 \u043c\u0443\u0441\u043e\u0440 \u043e\u0441\u0442\u0430\u043d\u043e\u0432\u0438\u0442\u044c."}}, {"model": "tour.tour", "pk": 7, "fields": {"country": 1, "city": 3, "slug": "-94293ced", "adult_price": 80, "child_price": 228, "children_possible": true, "what_age_child_free": 3, "pregnant_possible": false, "photo": "https://placekitten.com/567/550", "time_create": "2024-05-08T14:38:43.192Z", "time_update": "2024-05-08T14:38:43.192Z", "is_published": 1, "cat": 1, "type": 2, "group_size": null, "average_rating": "2.08", "promotions": false, "author": 2, "included": [], "notincluded": [], "take": [], "transfer": [], "tags": [4], "lang": [], "faqs": [1, 2]}}, {"model": "tour.tourtranslation", "pk": 7, "fields": {"master_id": 7, "language_code": "en", "title": "\u041f\u0435\u0441\u0435\u043d\u043a\u0430 \u0438\u0441\u0441\u043b\u0435\u0434\u043e\u0432\u0430\u043d\u0438\u0435 \u0434\u0435\u043c\u043e\u043a\u0440\u0430\u0442\u0438\u044f \u0440\u0430\u0437\u0443\u043c\u0435\u0442\u044c\u0441\u044f \u043e\u043a\u043e\u043b\u043e \u043d\u0435\u043f\u0440\u0438\u0432\u044b\u0447\u043d\u044b\u0439.", "duration": "5 \u0434\u043d\u0435\u0439", "meta_desc": "\u0423\u0442\u043e\u0447\u043d\u0438\u0442\u044c \u043f\u043e\u0442\u0440\u044f\u0441\u0442\u0438 \u043e\u0447\u043a\u043e \u0441\u0442\u0440\u0430\u0441\u0442\u044c.", "meta_keywords": "['\u0438\u0437\u0443\u0447\u0438\u0442\u044c', '\u043c\u0435\u0442\u0430\u043b\u043b', '\u043f\u043e\u0441\u0442\u043e\u044f\u043d\u043d\u044b\u0439']", "description": "\u0416\u0438\u0442\u044c \u0438\u0437\u043e\u0431\u0440\u0430\u0436\u0430\u0442\u044c \u0443\u0447\u0435\u043d\u044b\u0439. \u0411\u043e\u0447\u043e\u043a \u0441\u0442\u0430\u0432\u0438\u0442\u044c \u0441\u043c\u0435\u044f\u0442\u044c\u0441\u044f \u0431\u043e\u043b\u0435\u0435. \u0411\u0435\u0441\u043f\u043e\u043c\u043e\u0449\u043d\u044b\u0439 \u0432\u043e\u0439\u0442\u0438 \u0447\u0435\u043c \u043a\u0430\u044e\u0442\u0430 \u043a\u0443\u0447\u0430 \u0440\u0430\u0437\u0432\u043e\u0434\u0438\u0442\u044c \u043f\u0430\u043b\u0435\u0446. \u0411\u043b\u0438\u0437\u043a\u043e \u0442\u043e\u0447\u043d\u043e \u0438\u0441\u0441\u043b\u0435\u0434\u043e\u0432\u0430\u043d\u0438\u0435.", "usage_policy": "\u0422\u0440\u044f\u0441\u0442\u0438 \u0436\u0438\u0442\u044c \u0442\u0435\u0440\u0430\u043f\u0438\u044f \u043a\u043e\u043b\u044c\u0446\u043e \u0443\u043c\u0438\u0440\u0430\u0442\u044c \u043a\u043e\u043d\u0444\u0435\u0440\u0435\u043d\u0446\u0438\u044f."}}, {"model": "tour.tour", "pk": 8, "fields": {"country": 2, "city": 2, "slug": "-9b200b9a", "adult_price": 459, "child_price": 112, "children_possible": true, "what_age_child_free": 11, "pregnant_possible": false, "photo": "https://picsum.photos/410/651", "time_create": "2024-05-08T14:38:43.203Z", "time_update": "2024-05-08T14:38:43.203Z", "is_published": 1, "cat": 3, "type": 1, "group_size": null, "average_rating": "2.20", "promotions": true, "author": 1, "included": [], "notincluded": [], "take": [], "transfer": [], "tags": [2, 3], "lang": [], "faqs": [1, 3]}}, {"model": "tour.tourtranslation", "pk": 8, "fields": {"master_id": 8, "language_code": "en", "title": "\u0414\u0435\u043d\u044c\u0433\u0438 \u0441\u043e\u043e\u0442\u0432\u0435\u0442\u0441\u0442\u0432\u0438\u0435 \u0441\u0432\u0435\u0436\u0438\u0439 \u0447\u0438\u0441\u043b\u043e \u0433\u0440\u0443\u0441\u0442\u043d\u044b\u0439 \u0434\u043e\u0448\u043b\u044b\u0439 \u043f\u0440\u0438\u044f\u0442\u0435\u043b\u044c \u0431\u043b\u0438\u043d.", "duration": "3 \u0434\u043d\u044f", "meta_desc": "\u041c\u0435\u0445\u0430\u043d\u0438\u0447\u0435\u0441\u043a\u0438\u0439 \u0441\u043c\u0435\u043b\u044b\u0439 \u043f\u0440\u0438\u0441\u0435\u0441\u0442\u044c \u0443\u0441\u043b\u0430\u0442\u044c.", "meta_keywords": "['\u0430\u0434\u0432\u043e\u043a\u0430\u0442', '\u043f\u043e\u0442\u043e\u043c', '\u043e\u0447\u043a\u043e']", "description": "\u041a\u0440\u0443\u0442\u043e\u0439 \u0431\u043b\u0438\u0437\u043a\u043e \u0443\u0433\u0440\u043e\u0437\u0430 \u0441\u0435\u0440\u044c\u0435\u0437\u043d\u044b\u0439 \u0434\u0435\u0432\u043a\u0430 \u043e\u0434\u0438\u043d\u043d\u0430\u0434\u0446\u0430\u0442\u044c \u0443\u043d\u0438\u0447\u0442\u043e\u0436\u0435\u043d\u0438\u0435 \u043a\u043e\u043c\u0430\u043d\u0434\u043e\u0432\u0430\u043d\u0438\u0435. \u0421\u0442\u0440\u0430\u0441\u0442\u044c \u0440\u0430\u0437\u0432\u0438\u0442\u044b\u0439 \u0430\u043b\u043b\u0435\u044f \u0437\u0430\u0442\u043e \u0443\u043f\u043e\u0440\u043d\u043e \u043f\u0430\u0441\u0442\u044c \u0438\u0441\u0441\u043b\u0435\u0434\u043e\u0432\u0430\u043d\u0438\u0435. \u0417\u0430\u043f\u0443\u0441\u0442\u0438\u0442\u044c \u0442\u0430\u0431\u0430\u043a \u0444\u043e\u043d\u0430\u0440\u0438\u043a \u0447\u0435\u0440\u0435\u0437 \u043f\u0438\u0449\u0430 \u043c\u043e\u0442\u043e\u0446\u0438\u043a\u043b \u0437\u0430\u0431\u0438\u0440\u0430\u0442\u044c.", "usage_policy": "\u0424\u0443\u043d\u043a\u0446\u0438\u044f \u043f\u043e\u0434\u0437\u0435\u043c\u043d\u044b\u0439 \u043b\u0435\u0442\u0435\u0442\u044c \u0432\u0435\u0434\u044c \u0441\u043e\u043e\u0442\u0432\u0435\u0442\u0441\u0442\u0432\u0438\u0435. \u0414\u043e\u0441\u0442\u043e\u0438\u043d\u0441\u0442\u0432\u043e \u043f\u043e\u0440\u044f\u0434\u043e\u043a \u0441\u0442\u0440\u0430\u0441\u0442\u044c \u043f\u0438\u0449\u0430."}}, {"model": "tour.tour", "pk": 9, "fields": {"country": 1, "city": 1, "slug": "-5df72c6f", "adult_price": 444, "child_price": 95, "children_possible": false, "what_age_child_free": 4, "pregnant_possible": true, "photo": "https://picsum.photos/252/547", "time_create": "2024-05-08T14:38:43.216Z", "time_update": "2024-05-22T13:54:07.503Z", "is_published": 1, "cat": 3, "type": 3, "group_size": null, "average_rating": "1.40", "promotions": false, "author": 2, "included": [1, 2, 3, 4, 5], "notincluded": [2], "take": [3, 4], "transfer": [1, 2], "tags": [3, 6], "lang": [1, 2], "faqs": [2, 3]}}, {"model": "tour.tourtranslation", "pk": 9, "fields": {"master_id": 9, "language_code": "en", "title": "\u0414\u043e\u0448\u043b\u044b\u0439 \u043f\u043e\u0440\u043e\u0434\u0430 \u0441\u0435\u0440\u044c\u0435\u0437\u043d\u044b\u0439 \u0437\u0430\u0440\u043f\u043b\u0430\u0442\u0430 \u0443\u043f\u043e\u0440 \u0436\u0438\u0442\u044c.", "duration": "2 \u0434\u043d\u044f", "meta_desc": "\u0418\u043d\u0432\u0430\u043b\u0438\u0434 \u0444\u0430\u043a\u0443\u043b\u044c\u0442\u0435\u0442 \u0432\u044b\u0440\u0430\u0437\u0438\u0442\u044c \u0441\u043e\u043e\u0442\u0432\u0435\u0442\u0441\u0442\u0432\u0438\u0435 \u043c\u0440\u0430\u0447\u043d\u043e.", "meta_keywords": "['\u0441\u043f\u0430\u043b\u0438\u0442\u044c', '\u0434\u043e\u0431\u0438\u0442\u044c\u0441\u044f', '\u0434\u043e\u0441\u0442\u0430\u0432\u0430\u0442\u044c']", "description": "\u0411\u043e\u043a \u0432\u0430\u0436\u043d\u044b\u0439 \u043f\u0440\u0430\u0432\u043b\u0435\u043d\u0438\u0435 \u0430\u043d\u0430\u043b\u0438\u0437 \u0440\u043e\u0441\u043a\u043e\u0448\u043d\u044b\u0439 \u0433\u043e\u0440\u044c\u043a\u0438\u0439. \u0423\u043d\u0438\u0447\u0442\u043e\u0436\u0435\u043d\u0438\u0435 \u0438\u0437\u0443\u0447\u0438\u0442\u044c \u043f\u0440\u043e\u0442\u044f\u0433\u0438\u0432\u0430\u0442\u044c \u043b\u043e\u0436\u0438\u0442\u044c\u0441\u044f \u0442\u0440\u0438\u0441\u0442\u0430 \u043e\u0441\u0442\u0430\u0432\u0438\u0442\u044c. \u041a\u0438\u0434\u0430\u0442\u044c \u0438\u043d\u0442\u0435\u0440\u043d\u0435\u0442 \u043d\u043e\u0436 \u043c\u0430\u0433\u0430\u0437\u0438\u043d \u043c\u0430\u0442\u0435\u0440\u0438\u044f \u0441\u043f\u0430\u043b\u0438\u0442\u044c. \u0422\u0435\u043e\u0440\u0438\u044f \u0434\u0435\u043b\u043e\u0432\u043e\u0439 \u0431\u043b\u0438\u0437\u043a\u043e.", "usage_policy": "\u0416\u0438\u0434\u043a\u0438\u0439 \u0433\u0440\u0443\u0441\u0442\u043d\u044b\u0439 \u0441\u043e\u0446\u0438\u0430\u043b\u0438\u0441\u0442\u0438\u0447\u0435\u0441\u043a\u0438\u0439 \u0441\u0432\u0435\u0440\u043a\u0430\u0442\u044c \u0441\u043f\u043e\u0440\u0442 \u0441\u043e\u0445\u0440\u0430\u043d\u044f\u0442\u044c \u0430\u0440\u043c\u0435\u0439\u0441\u043a\u0438\u0439. \u041d\u043e\u0432\u044b\u0439 \u0437\u0430\u044f\u0432\u043b\u0435\u043d\u0438\u0435 \u043f\u043e\u0435\u0437\u0434 \u043c\u0438\u0444 \u043c\u0440\u0430\u0447\u043d\u043e \u0432\u0438\u0442\u0440\u0438\u043d\u0430 \u043f\u0440\u0430\u0432\u0438\u043b\u044c\u043d\u044b\u0439 \u0441\u043e\u043c\u043d\u0438\u0442\u0435\u043b\u044c\u043d\u044b\u0439."}}, {"model": "tour.tour", "pk": 10, "fields": {"country": 2, "city": 2, "slug": "-f722bd15", "adult_price": 335, "child_price": 236, "children_possible": false, "what_age_child_free": 7, "pregnant_possible": false, "photo": "https://picsum.photos/95/87", "time_create": "2024-05-08T14:38:43.230Z", "time_update": "2024-05-20T05:10:01.438Z", "is_published": 1, "cat": 2, "type": 1, "group_size": null, "average_rating": "2.86", "promotions": false, "author": 1, "included": [1, 2, 3], "notincluded": [2, 3, 4], "take": [3, 4, 5, 6], "transfer": [1, 2], "tags": [1, 2, 5], "lang": [1], "faqs": [1, 2, 3]}}, {"model": "tour.tourtranslation", "pk": 10, "fields": {"master_id": 10, "language_code": "en", "title": "\u041c\u0435\u0445\u0430\u043d\u0438\u0447\u0435\u0441\u043a\u0438\u0439 \u0440\u0430\u0437\u0432\u0435\u0440\u043d\u0443\u0442\u044c\u0441\u044f \u0442\u0435\u043c\u043d\u0435\u0442\u044c \u0435\u0441\u0442\u0435\u0441\u0442\u0432\u0435\u043d\u043d\u044b\u0439 \u0442\u043e\u0432\u0430\u0440 \u0433\u043e\u0441\u043f\u043e\u0434\u044c \u043d\u0435\u0434\u043e\u0441\u0442\u0430\u0442\u043e\u043a.", "duration": "7 \u0434\u043d\u0435\u0439", "meta_desc": "\u041f\u0440\u0438 \u043c\u0438\u043b\u043b\u0438\u0430\u0440\u0434 \u043e\u0437\u043d\u0430\u0447\u0430\u0442\u044c \u0432\u043e\u0435\u043d\u043d\u044b\u0439 \u0435\u0432\u0440\u0435\u0439\u0441\u043a\u0438\u0439 \u0440\u0430\u0439.", "meta_keywords": "['\u043f\u0440\u043e\u0432\u0430\u043b', '\u043d\u0430\u0445\u043e\u0434\u0438\u0442\u044c', '\u043d\u0435\u043f\u0440\u0430\u0432\u0434\u0430']", "description": "\u041e\u0447\u0443\u0442\u0438\u0442\u044c\u0441\u044f \u0437\u0430\u0434\u0435\u0440\u0436\u0430\u0442\u044c \u0447\u0435\u043c \u043a\u0440\u0443\u0442\u043e\u0439 \u0442\u0440\u0435\u0432\u043e\u0433\u0430 \u043f\u043e\u0434\u0440\u043e\u0431\u043d\u043e\u0441\u0442\u044c \u043f\u043e\u044f\u0432\u043b\u0435\u043d\u0438\u0435. \u041f\u0440\u043e\u043f\u0430\u0441\u0442\u044c \u043d\u0430\u043b\u0435\u0432\u043e \u043d\u0435\u043f\u0440\u0430\u0432\u0434\u0430 \u043b\u0435\u0442\u0435\u0442\u044c. \u041f\u0440\u043e\u043f\u0430\u0441\u0442\u044c \u043d\u0430\u043f\u0440\u0430\u0432\u043e \u0431\u0440\u043e\u0432\u044c \u0440\u0435\u0431\u044f\u0442\u0438\u0448\u043a\u0438 \u043a\u0438\u0434\u0430\u0442\u044c.", "usage_policy": "\u041d\u0430\u0440\u043e\u0434 \u043e\u0434\u0438\u043d \u043a\u0430\u0440\u043c\u0430\u043d. \u0420\u0430\u0439\u043e\u043d \u0440\u0435\u0437\u0443\u043b\u044c\u0442\u0430\u0442 \u043e\u0447\u043a\u043e \u043a\u043e\u043d\u0444\u0435\u0440\u0435\u043d\u0446\u0438\u044f \u0445\u0443\u0434\u043e\u0436\u0435\u0441\u0442\u0432\u0435\u043d\u043d\u044b\u0439 \u0437\u0430\u0441\u0443\u043d\u0443\u0442\u044c \u0437\u0430\u0447\u0435\u043c."}}, {"model": "tour.tour", "pk": 11, "fields": {"country": 2, "city": 2, "slug": "-1e0f7386", "adult_price": 140, "child_price": 144, "children_possible": true, "what_age_child_free": 7, "pregnant_possible": false, "photo": "https://placekitten.com/627/41", "time_create": "2024-05-08T14:38:43.248Z", "time_update": "2024-05-08T14:38:43.248Z", "is_published": 1, "cat": 3, "type": 1, "group_size": null, "average_rating": "3.94", "promotions": false, "author": 2, "included": [], "notincluded": [], "take": [], "transfer": [], "tags": [2], "lang": [], "faqs": [2]}}, {"model": "tour.tourtranslation", "pk": 11, "fields": {"master_id": 11, "language_code": "en", "title": "\u0423\u0441\u043b\u0430\u0442\u044c \u043f\u0435\u0440\u0435\u0441\u0435\u0447\u044c \u0441\u0432\u0435\u0440\u043a\u0430\u0442\u044c \u0440\u0435\u0448\u0435\u0442\u043a\u0430.", "duration": "5 \u0434\u043d\u0435\u0439", "meta_desc": "\u0412\u044b\u0434\u0435\u0440\u0436\u0430\u0442\u044c \u043c\u0440\u0430\u0447\u043d\u043e \u0432\u043e\u043e\u0431\u0449\u0435 \u0442\u043e\u0432\u0430\u0440.", "meta_keywords": "['\u0434\u0435\u043d\u044c\u0433\u0438', '\u043f\u043b\u0430\u0432\u043d\u043e', '\u043b\u0435\u0442\u0435\u0442\u044c']", "description": "\u0412\u0440\u044f\u0434 \u043c\u0438\u043c\u043e \u0434\u044b\u0445\u0430\u043d\u0438\u0435 \u043a\u043f\u0441\u0441 \u043f\u043e\u0445\u043e\u0440\u043e\u043d\u044b. \u041a\u043e\u043d\u0444\u0435\u0440\u0435\u043d\u0446\u0438\u044f \u0437\u0435\u043b\u0435\u043d\u044b\u0439 \u0435\u0441\u0442\u0435\u0441\u0442\u0432\u0435\u043d\u043d\u044b\u0439 \u043f\u0440\u043e\u0441\u0442\u0440\u0430\u043d\u0441\u0442\u0432\u043e \u0431\u0430\u0433\u0440\u043e\u0432\u044b\u0439 \u0435\u0441\u0442\u0435\u0441\u0442\u0432\u0435\u043d\u043d\u044b\u0439.", "usage_policy": "\u041c\u0438\u043b\u043b\u0438\u0430\u0440\u0434 \u043f\u0440\u043e\u0448\u0435\u043f\u0442\u0430\u0442\u044c \u043a\u0430\u0440\u0442\u0438\u043d\u043a\u0430 \u043f\u043e\u043b\u043e\u0441\u043a\u0430 \u0447\u0435\u043b\u043e\u0432\u0435\u0447\u0435\u043a \u043e \u0443\u0433\u043e\u0434\u043d\u044b\u0439. \u041c\u0440\u0430\u0447\u043d\u043e \u0432\u0430\u0440\u0438\u0430\u043d\u0442 \u0441\u043f\u0430\u0441\u0442\u044c \u0441\u043e\u0431\u0435\u0441\u0435\u0434\u043d\u0438\u043a \u0442\u0435\u0440\u0430\u043f\u0438\u044f."}}, {"model": "tour.tour", "pk": 12, "fields": {"country": 1, "city": 1, "slug": "-a2a9803e", "adult_price": 338, "child_price": 130, "children_possible": true, "what_age_child_free": 7, "pregnant_possible": true, "photo": "https://picsum.photos/279/208", "time_create": "2024-05-08T14:38:43.259Z", "time_update": "2024-05-08T14:38:43.259Z", "is_published": 1, "cat": 3, "type": 3, "group_size": null, "average_rating": "2.66", "promotions": false, "author": 1, "included": [], "notincluded": [], "take": [], "transfer": [], "tags": [2, 3], "lang": [], "faqs": [1, 2]}}, {"model": "tour.tourtranslation", "pk": 12, "fields": {"master_id": 12, "language_code": "en", "title": "\u041f\u043e\u0440\u043e\u0433 \u0432\u0437\u0434\u0440\u0430\u0433\u0438\u0432\u0430\u0442\u044c \u0441\u0440\u0430\u0432\u043d\u0435\u043d\u0438\u0435 \u0437\u0438\u043c\u0430 \u043f\u0440\u043e\u0442\u044f\u0433\u0438\u0432\u0430\u0442\u044c \u0431\u0430\u043a \u0448\u0442\u0430\u0431.", "duration": "7 \u0434\u043d\u0435\u0439", "meta_desc": "\u0412\u0441\u0442\u0430\u0442\u044c \u0432\u0438\u0434\u0438\u043c\u043e \u0444\u0443\u043d\u043a\u0446\u0438\u044f \u043a\u043e\u0440\u043e\u0431\u043a\u0430 \u0446\u0435\u043b\u044c.", "meta_keywords": "['\u0437\u0430\u0442\u044f\u043d\u0443\u0442\u044c\u0441\u044f', '\u0441\u043f\u043e\u0441\u043e\u0431', '\u0434\u0430\u043b\u044c']", "description": "\u0420\u0430\u0441\u0441\u0443\u0436\u0434\u0435\u043d\u0438\u0435 \u043b\u0430\u043f\u0430 \u0445\u043e\u0442\u0435\u0442\u044c \u043b\u0435\u043d\u0438\u043d\u0433\u0440\u0430\u0434 \u0438\u0437\u0440\u0435\u0434\u043a\u0430 \u0438\u0437\u0443\u0447\u0438\u0442\u044c. \u0420\u043e\u0441\u043a\u043e\u0448\u043d\u044b\u0439 \u0433\u043e\u0441\u043f\u043e\u0434\u044c \u0443\u043f\u043e\u0440\u043d\u043e \u043a\u043e\u0440\u0438\u0447\u043d\u0435\u0432\u044b\u0439 \u0447\u0435\u0442\u044b\u0440\u0435 \u043f\u0440\u0435\u043c\u044c\u0435\u0440\u0430. \u041a\u043e\u043c\u0430\u043d\u0434\u0430 \u0430\u043a\u0430\u0434\u0435\u043c\u0438\u043a \u043f\u0435\u0447\u0430\u0442\u0430\u0442\u044c \u0432\u044b\u0432\u0435\u0441\u0442\u0438. \u0421\u0443\u0442\u043a\u0438 \u0431\u0430\u043d\u0434\u0430 \u043c\u0430\u043d\u0435\u0440\u0430 \u0432\u043e\u0437\u043c\u0443\u0442\u0438\u0442\u044c\u0441\u044f \u0441\u0442\u0430\u043a\u0430\u043d \u0438\u043d\u0442\u0435\u0440\u043d\u0435\u0442.", "usage_policy": "\u0423\u0433\u043e\u0434\u043d\u044b\u0439 \u0441\u0432\u0435\u0440\u043a\u0430\u0442\u044c \u0440\u0430\u0437\u0443\u043c\u0435\u0442\u044c\u0441\u044f \u0432\u0435\u0434\u044c. \u041b\u0435\u0433\u043a\u043e \u0431\u043e\u0447\u043e\u043a \u043e \u0437\u0430\u043f\u0443\u0441\u0442\u0438\u0442\u044c \u0440\u043e\u0442\u0430 \u0441\u043e\u0432\u0435\u0449\u0430\u043d\u0438\u0435 \u0432\u044b\u0442\u0430\u0441\u043a\u0438\u0432\u0430\u0442\u044c. \u041f\u043e\u0442\u044f\u043d\u0443\u0442\u044c\u0441\u044f \u0442\u0430\u0431\u0430\u043a \u0438\u043d\u0444\u0435\u043a\u0446\u0438\u044f \u043a\u043e\u0440\u043e\u0431\u043a\u0430 \u0433\u043e\u0441\u043f\u043e\u0434\u044c."}}, {"model": "tour.tour", "pk": 13, "fields": {"country": 1, "city": 1, "slug": "-71b7817d", "adult_price": 370, "child_price": 97, "children_possible": false, "what_age_child_free": 11, "pregnant_possible": false, "photo": "https://picsum.photos/829/934", "time_create": "2024-05-08T14:38:43.273Z", "time_update": "2024-05-08T14:38:43.273Z", "is_published": 1, "cat": 2, "type": 1, "group_size": null, "average_rating": "1.76", "promotions": true, "author": 1, "included": [], "notincluded": [], "take": [], "transfer": [], "tags": [1, 3, 6], "lang": [], "faqs": [1, 3]}}, {"model": "tour.tourtranslation", "pk": 13, "fields": {"master_id": 13, "language_code": "en", "title": "\u0421\u0432\u0435\u0440\u043a\u0430\u044e\u0449\u0438\u0439 \u043d\u0430\u0440\u043e\u0434 \u043a\u043e\u043b\u043b\u0435\u043a\u0442\u0438\u0432 \u0434\u043e\u0441\u0442\u043e\u0438\u043d\u0441\u0442\u0432\u043e \u043e\u0431\u043e\u0440\u043e\u0442.", "duration": "5 \u0434\u043d\u0435\u0439", "meta_desc": "\u0421\u043f\u0435\u0448\u0438\u0442\u044c \u0437\u0430\u0442\u043e \u0432\u044b\u0440\u0430\u0436\u0430\u0442\u044c\u0441\u044f \u0431\u043e\u0447\u043e\u043a.", "meta_keywords": "['\u0444\u043e\u043d\u0430\u0440\u0438\u043a', '\u043c\u043e\u043d\u0435\u0442\u0430', '\u043f\u0440\u043e\u0441\u0442\u0440\u0430\u043d\u0441\u0442\u0432\u043e']", "description": "\u0410\u043a\u0430\u0434\u0435\u043c\u0438\u043a \u043e\u0441\u0442\u0430\u043d\u043e\u0432\u0438\u0442\u044c \u043d\u044b\u043d\u0435 \u0445\u043e\u0442\u0435\u0442\u044c. \u0414\u0430 \u0437\u0430\u0442\u043e \u0440\u0430\u0437\u0443\u043c\u0435\u0442\u044c\u0441\u044f \u0434\u0440\u0435\u043c\u0430\u0442\u044c. \u0422\u0430\u043d\u0446\u0435\u0432\u0430\u0442\u044c \u0438\u0437\u0443\u0447\u0438\u0442\u044c \u043f\u0440\u0438\u044f\u0442\u0435\u043b\u044c \u0437\u0430 \u0432\u0438\u0442\u0440\u0438\u043d\u0430 \u043f\u043e\u0442\u0440\u044f\u0441\u0442\u0438 \u0445\u0443\u0434\u043e\u0436\u0435\u0441\u0442\u0432\u0435\u043d\u043d\u044b\u0439 \u0443\u0433\u043e\u043b.", "usage_policy": "\u0420\u0430\u0441\u0441\u0443\u0436\u0434\u0435\u043d\u0438\u0435 \u043e\u0431\u0438\u0434\u0430 \u043d\u0430\u0445\u043e\u0434\u0438\u0442\u044c \u0441\u0442\u0430\u0432\u0438\u0442\u044c. \u0413\u043e\u0440\u044c\u043a\u0438\u0439 \u0433\u043e\u0441\u043f\u043e\u0434\u044c \u043a\u0443\u0447\u0430 \u043d\u0430\u0445\u043e\u0434\u0438\u0442\u044c \u0443\u043f\u043e\u0440\u043d\u043e. \u0412\u0442\u043e\u0440\u043e\u0439 \u043a\u0430\u0440\u043c\u0430\u043d \u0432\u0438\u0442\u0440\u0438\u043d\u0430 \u0431\u043e\u0447\u043e\u043a \u043f\u043e\u043a\u0438\u0434\u0430\u0442\u044c \u0441\u043c\u0435\u043b\u044b\u0439 \u0441\u0442\u0440\u043e\u0438\u0442\u0435\u043b\u044c\u0441\u0442\u0432\u043e."}}, {"model": "tour.tour", "pk": 15, "fields": {"country": 2, "city": 2, "slug": "-3f2c7705", "adult_price": 217, "child_price": 160, "children_possible": false, "what_age_child_free": 12, "pregnant_possible": true, "photo": "https://placekitten.com/736/269", "time_create": "2024-05-08T14:38:43.301Z", "time_update": "2024-05-08T14:38:43.301Z", "is_published": 1, "cat": 2, "type": 1, "group_size": null, "average_rating": "2.88", "promotions": true, "author": 1, "included": [], "notincluded": [], "take": [], "transfer": [], "tags": [2, 3], "lang": [], "faqs": [2]}}, {"model": "tour.tourtranslation", "pk": 15, "fields": {"master_id": 15, "language_code": "en", "title": "\u041f\u0440\u0430\u0432\u043b\u0435\u043d\u0438\u0435 \u0432\u0442\u043e\u0440\u043e\u0439 \u043b\u0435\u0442\u0435\u0442\u044c \u043a\u043e\u043c\u043c\u0443\u043d\u0438\u0437\u043c \u043f\u043b\u043e\u0434 \u0432\u043e\u0439\u0442\u0438 \u043c\u0435\u043b\u044c\u043a\u043d\u0443\u0442\u044c \u0434\u043e\u0441\u0442\u043e\u0438\u043d\u0441\u0442\u0432\u043e.", "duration": "5 \u0434\u043d\u0435\u0439", "meta_desc": "\u042d\u043f\u043e\u0445\u0430 \u0438\u043d\u0444\u0435\u043a\u0446\u0438\u044f \u043f\u0430\u043b\u0435\u0446 \u0434\u043e\u0441\u0442\u043e\u0438\u043d\u0441\u0442\u0432\u043e \u0437\u0430\u0442\u043e.", "meta_keywords": "['\u0440\u0430\u0431\u043e\u0447\u0438\u0439', '\u0436\u0438\u0442\u0435\u043b\u044c', '\u0441\u043b\u0430\u0432\u043d\u044b\u0439']", "description": "\u0411\u043e\u0442\u0438\u043d\u043e\u043a \u043f\u0440\u043e\u0445\u043e\u0434 \u0441\u043f\u0438\u0447\u043a\u0430 \u0434\u0435\u043b\u043e\u0432\u043e\u0439. \u0420\u0430\u0437\u0432\u0435\u0440\u043d\u0443\u0442\u044c\u0441\u044f \u0447\u0435\u0442\u044b\u0440\u0435 \u043f\u0440\u0438\u0445\u043e\u0434\u0438\u0442\u044c \u043f\u0430\u043b\u043a\u0430. \u0412\u0438\u0442\u0440\u0438\u043d\u0430 \u043f\u043e\u0440\u0442 \u0441\u043f\u0430\u043b\u0438\u0442\u044c \u043d\u0430\u043b\u0435\u0432\u043e \u0443\u0433\u0440\u043e\u0437\u0430 \u0432\u044b\u0442\u0430\u0441\u043a\u0438\u0432\u0430\u0442\u044c.", "usage_policy": "\u0421\u044b\u043d\u043e\u043a \u043d\u0430\u0445\u043e\u0434\u0438\u0442\u044c \u0430\u0436 \u043b\u043e\u0436\u0438\u0442\u044c\u0441\u044f \u043e\u0441\u0442\u0430\u043d\u043e\u0432\u0438\u0442\u044c \u0434\u0430 \u0432\u044b\u0440\u0430\u0436\u0435\u043d\u0438\u0435. \u0428\u0442\u0430\u0431 \u0447\u0435\u0440\u0435\u0437 \u043f\u0440\u043e\u043f\u0430\u0434\u0430\u0442\u044c \u0436\u0435\u0441\u0442\u043e\u043a\u0438\u0439 \u0440\u0435\u0431\u044f\u0442\u0438\u0448\u043a\u0438. \u0421\u043f\u0430\u0441\u0442\u044c \u043a\u0430\u0440\u0430\u043d\u0434\u0430\u0448 \u0437\u0430\u043b\u043e\u0436\u0438\u0442\u044c \u0434\u0430\u043b\u044c \u0434\u0440\u0443\u0433\u043e\u0439 \u0442\u0435\u0440\u0430\u043f\u0438\u044f \u043a\u043e\u0441\u043c\u043e\u0441."}}, {"model": "tour.tour", "pk": 16, "fields": {"country": 1, "city": 1, "slug": "-86080d18", "adult_price": 131, "child_price": 149, "children_possible": true, "what_age_child_free": 11, "pregnant_possible": true, "photo": "https://picsum.photos/369/642", "time_create": "2024-05-08T14:38:43.312Z", "time_update": "2024-05-08T14:38:43.312Z", "is_published": 1, "cat": 2, "type": 2, "group_size": null, "average_rating": "3.47", "promotions": false, "author": 1, "included": [], "notincluded": [], "take": [], "transfer": [], "tags": [1, 3, 6], "lang": [], "faqs": [2]}}, {"model": "tour.tourtranslation", "pk": 16, "fields": {"master_id": 16, "language_code": "en", "title": "\u0410\u043a\u0442\u0440\u0438\u0441\u0430 \u043f\u0435\u0447\u0430\u0442\u0430\u0442\u044c \u043d\u0430\u0440\u043e\u0434 \u043e\u0441\u0442\u0430\u0432\u0438\u0442\u044c \u043c\u0433\u043d\u043e\u0432\u0435\u043d\u0438\u0435 \u0441\u0432\u0435\u0440\u043a\u0430\u044e\u0449\u0438\u0439 \u0434\u043e\u0448\u043b\u044b\u0439.", "duration": "1 \u0434\u0435\u043d\u044c", "meta_desc": "\u0413\u043e\u043b\u043e\u0432\u043d\u043e\u0439 \u0441\u0442\u0440\u0430\u0441\u0442\u044c \u043f\u0440\u0438\u044f\u0442\u0435\u043b\u044c \u0440\u0430\u0439\u043a\u043e\u043c.", "meta_keywords": "['\u043d\u0435\u0443\u0434\u043e\u0431\u043d\u043e', '\u0441\u043e\u0432\u0435\u0442', '\u043a\u043d\u044f\u0437\u044c']", "description": "\u0423\u0441\u043b\u0430\u0442\u044c \u043d\u0435\u0432\u044b\u043d\u043e\u0441\u0438\u043c\u044b\u0439 \u043f\u0440\u043e\u0432\u0438\u043d\u0446\u0438\u044f \u0440\u043e\u0441\u043a\u043e\u0448\u043d\u044b\u0439 \u0438\u0437\u043c\u0435\u043d\u0435\u043d\u0438\u0435 \u043d\u0435\u0443\u0434\u043e\u0431\u043d\u043e \u0446\u0435\u043b\u044c. \u0425\u0443\u0434\u043e\u0436\u0435\u0441\u0442\u0432\u0435\u043d\u043d\u044b\u0439 \u0438\u0437\u0431\u0430 \u043c\u0438\u043c\u043e \u0438\u044e\u043d\u044c \u0440\u0438\u0441 \u043c\u0443\u0447\u0438\u0442\u0435\u043b\u044c\u043d\u043e \u0444\u0443\u043d\u043a\u0446\u0438\u044f. \u041d\u0430\u043b\u043e\u0433\u043e\u0432\u044b\u0439 \u0430\u0434\u0432\u043e\u043a\u0430\u0442 \u043f\u0440\u043e\u043f\u0430\u0433\u0430\u043d\u0434\u0430 \u0437\u0435\u043b\u0435\u043d\u044b\u0439 \u043f\u0430\u0441\u0442\u0443\u0445 \u043a\u043e\u043c\u043c\u0443\u043d\u0438\u0437\u043c.", "usage_policy": "\u041e\u043a\u043e\u043b\u043e \u0440\u0435\u0434\u0430\u043a\u0442\u043e\u0440 \u043f\u0440\u043e\u0432\u0438\u043d\u0446\u0438\u044f \u0436\u0438\u0434\u043a\u0438\u0439 \u0438\u0434\u0435\u044f \u0431\u0435\u0433\u0430\u0442\u044c \u0437\u0430\u043f\u0435\u0442\u044c. \u041d\u0435\u0434\u043e\u0441\u0442\u0430\u0442\u043e\u043a \u043a\u043f\u0441\u0441 \u0441\u043e\u043b\u043d\u0446\u0435 \u0437\u0430\u043f\u0440\u0435\u0442\u0438\u0442\u044c \u043a\u0430\u0440\u0430\u043d\u0434\u0430\u0448 \u0440\u0435\u0448\u0435\u043d\u0438\u0435."}}, {"model": "tour.tour", "pk": 17, "fields": {"country": 1, "city": 3, "slug": "-3ee1444e", "adult_price": 195, "child_price": 242, "children_possible": false, "what_age_child_free": 5, "pregnant_possible": true, "photo": "https://placekitten.com/37/504", "time_create": "2024-05-08T14:38:43.327Z", "time_update": "2024-05-08T14:38:43.327Z", "is_published": 1, "cat": 2, "type": 3, "group_size": null, "average_rating": "4.00", "promotions": false, "author": 2, "included": [], "notincluded": [], "take": [], "transfer": [], "tags": [1, 2, 6, 7], "lang": [], "faqs": [2, 3]}}, {"model": "tour.tourtranslation", "pk": 17, "fields": {"master_id": 17, "language_code": "en", "title": "\u0421\u0442\u0430\u043a\u0430\u043d \u0432\u043e\u0437\u043d\u0438\u043a\u043d\u043e\u0432\u0435\u043d\u0438\u0435 \u0441\u043a\u0440\u044b\u0442\u044b\u0439 \u043d\u0430\u0443\u0447\u0438\u0442\u044c.", "duration": "5 \u0434\u043d\u0435\u0439", "meta_desc": "\u0417\u0438\u043c\u0430 \u0438\u0437\u0431\u0435\u0433\u0430\u0442\u044c \u043a\u0430\u0440\u043c\u0430\u043d \u0434\u043e\u043c\u0430\u0448\u043d\u0438\u0439 \u0441\u0443\u0441\u0442\u0430\u0432.", "meta_keywords": "['\u0442\u0440\u044f\u0441\u0442\u0438', '\u043f\u043e\u0439\u043c\u0430\u0442\u044c', '\u0441\u0442\u0440\u0430\u0441\u0442\u044c']", "description": "\u041f\u043e\u0441\u0438\u0434\u0435\u0442\u044c \u043a\u043d\u044f\u0437\u044c \u0443\u0441\u043b\u0430\u0442\u044c \u0434\u0440\u0435\u043c\u0430\u0442\u044c \u0443\u0441\u0442\u0440\u043e\u0439\u0441\u0442\u0432\u043e. \u0420\u0430\u0434\u043e\u0441\u0442\u044c \u0442\u0435\u0441\u043d\u043e \u043f\u043e\u0434\u0440\u043e\u0431\u043d\u043e\u0441\u0442\u044c \u0442\u0440\u044f\u0441\u0442\u0438 \u043e\u0442\u043c\u0435\u0442\u0438\u0442\u044c \u0437\u0430\u0431\u0438\u0440\u0430\u0442\u044c. \u041f\u043e\u043a\u0438\u0434\u0430\u0442\u044c \u043a\u043e\u0441\u043c\u043e\u0441 \u0436\u0435\u043b\u0430\u043d\u0438\u0435 \u0432\u044b\u0432\u0435\u0441\u0442\u0438.", "usage_policy": "\u0418\u0437\u0434\u0430\u043b\u0438 \u0437\u0430\u0442\u044f\u043d\u0443\u0442\u044c\u0441\u044f \u0441\u0442\u043e\u043b\u0435\u0442\u0438\u0435 \u043c\u0433\u043d\u043e\u0432\u0435\u043d\u0438\u0435 \u0431\u0430\u0431\u043e\u0447\u043a\u0430 \u043a\u043e\u0436\u0430 \u0445\u043e\u0434. \u0411\u043e\u0435\u0446 \u043f\u0440\u043e\u043f\u0430\u0434\u0430\u0442\u044c \u043f\u043e\u0441\u0438\u0434\u0435\u0442\u044c \u0432\u044b\u0434\u0435\u0440\u0436\u0430\u0442\u044c \u0437\u0430\u0431\u0438\u0440\u0430\u0442\u044c \u043d\u0435\u0434\u043e\u0441\u0442\u0430\u0442\u043e\u043a \u043f\u0430\u0434\u0430\u0442\u044c."}}, {"model": "tour.tour", "pk": 18, "fields": {"country": 2, "city": 2, "slug": "-9beb5a86", "adult_price": 266, "child_price": 202, "children_possible": true, "what_age_child_free": 7, "pregnant_possible": true, "photo": "https://placekitten.com/142/83", "time_create": "2024-05-08T14:38:43.347Z", "time_update": "2024-05-08T14:38:43.347Z", "is_published": 1, "cat": 2, "type": 3, "group_size": null, "average_rating": "4.80", "promotions": false, "author": 1, "included": [], "notincluded": [], "take": [], "transfer": [], "tags": [1, 7], "lang": [], "faqs": [3]}}, {"model": "tour.tourtranslation", "pk": 18, "fields": {"master_id": 18, "language_code": "en", "title": "\u0411\u043e\u043a \u0437\u0430\u0442\u044f\u043d\u0443\u0442\u044c\u0441\u044f \u0432\u0441\u0442\u0430\u0442\u044c \u044d\u043f\u043e\u0445\u0430 \u0432\u044b\u0440\u0430\u0436\u0435\u043d\u043d\u044b\u0439.", "duration": "7 \u0434\u043d\u0435\u0439", "meta_desc": "\u041e\u0434\u0438\u043d \u0435\u0434\u0438\u043d\u044b\u0439 \u0441\u043f\u043e\u0440\u0442 \u043d\u0430\u0440\u043e\u0434 \u043a\u043e\u0440\u0438\u0447\u043d\u0435\u0432\u044b\u0439.", "meta_keywords": "['\u0443\u043c\u0438\u0440\u0430\u0442\u044c', '\u0438\u0441\u043f\u043e\u043b\u043d\u044f\u0442\u044c', '\u0433\u0440\u0443\u0441\u0442\u043d\u044b\u0439']", "description": "\u0427\u0435\u0440\u0435\u0437 \u0432\u044b\u0431\u0438\u0440\u0430\u0442\u044c \u0437\u0430\u0447\u0435\u043c. \u0417\u0430\u0434\u0435\u0440\u0436\u0430\u0442\u044c \u0438\u0437\u0431\u0430 \u043d\u0435\u0443\u0434\u043e\u0431\u043d\u043e \u043a\u0440\u044b\u0441\u0430.", "usage_policy": "\u0427\u0442\u043e \u0440\u043e\u0442\u0430 \u043f\u043e\u0441\u0442\u0440\u043e\u0438\u0442\u044c \u0433\u0443\u043b\u044f\u0442\u044c \u0431\u0430\u0431\u043e\u0447\u043a\u0430. \u041e\u0442\u0440\u0430\u0436\u0435\u043d\u0438\u0435 \u043a\u0443\u0447\u0430 \u0440\u0430\u0434\u043e\u0441\u0442\u044c \u043f\u0440\u0435\u0436\u043d\u0438\u0439 \u0432\u0430\u0440\u0438\u0430\u043d\u0442."}}, {"model": "tour.tour", "pk": 19, "fields": {"country": 2, "city": 2, "slug": "-f48ff236", "adult_price": 159, "child_price": 25, "children_possible": false, "what_age_child_free": 5, "pregnant_possible": false, "photo": "https://picsum.photos/769/84", "time_create": "2024-05-08T14:38:43.361Z", "time_update": "2024-05-08T14:38:43.361Z", "is_published": 1, "cat": 1, "type": 3, "group_size": null, "average_rating": "1.94", "promotions": true, "author": 2, "included": [], "notincluded": [], "take": [], "transfer": [], "tags": [4], "lang": [], "faqs": [1, 2]}}, {"model": "tour.tourtranslation", "pk": 19, "fields": {"master_id": 19, "language_code": "en", "title": "\u0421\u0447\u0430\u0441\u0442\u044c\u0435 \u043d\u0430\u0445\u043e\u0434\u0438\u0442\u044c \u043e\u0442\u0434\u0435\u043b \u0437\u0430\u0440\u0430\u0431\u043e\u0442\u0430\u0442\u044c \u043e\u0442\u0434\u0435\u043b \u0437\u0430\u0440\u043f\u043b\u0430\u0442\u0430 \u0445\u043e\u0434.", "duration": "5 \u0434\u043d\u0435\u0439", "meta_desc": "\u041d\u0435\u043a\u043e\u0442\u043e\u0440\u044b\u0439 \u0446\u0432\u0435\u0442 \u043c\u0430\u043b\u044c\u0447\u0438\u0448\u043a\u0430 \u0447\u0443\u0432\u0441\u0442\u0432\u043e \u0440\u0430\u0437\u043d\u043e\u043e\u0431\u0440\u0430\u0437\u043d\u044b\u0439 \u043c\u0435\u0441\u0442\u043e \u0433\u043e\u0441\u043f\u043e\u0436\u0430.", "meta_keywords": "['\u0432\u0435\u0434\u044c', '\u043d\u0435\u0440\u0432\u043d\u043e', '\u0440\u0443\u043a\u043e\u0432\u043e\u0434\u0438\u0442\u0435\u043b\u044c']", "description": "\u0418\u0437\u043c\u0435\u043d\u0435\u043d\u0438\u0435 \u043e\u0441\u0432\u043e\u0431\u043e\u0436\u0434\u0435\u043d\u0438\u0435 \u0441\u0442\u0435\u043f\u044c \u0442\u0435\u0440\u0430\u043f\u0438\u044f \u0447\u0435\u0440\u0435\u0437 \u043b\u0435\u0442\u0435\u0442\u044c \u043c\u0435\u043b\u043e\u0447\u044c \u043a\u043e\u0441\u043c\u043e\u0441. \u0424\u0443\u043d\u043a\u0446\u0438\u044f \u0432\u0438\u0441\u0435\u0442\u044c \u043f\u043e\u043b \u0441\u0435\u043a\u0443\u043d\u0434\u0430 \u0437\u0430\u0441\u0443\u043d\u0443\u0442\u044c.\n\u0420\u043e\u0442 \u043d\u043e\u0447\u044c \u043f\u043e\u0441\u0442\u043e\u044f\u043d\u043d\u044b\u0439 \u043f\u0440\u043e\u043f\u0430\u0434\u0430\u0442\u044c. \u0418\u0434\u0435\u044f \u0440\u0430\u0437\u0432\u0438\u0442\u044b\u0439 \u043d\u0438\u0437\u043a\u0438\u0439 \u0434\u043e\u0440\u043e\u0433\u043e\u0439 \u0431\u043e\u0435\u0446 \u0433\u043e\u0441\u043f\u043e\u0436\u0430 \u0441\u0442\u0430\u0432\u0438\u0442\u044c \u043f\u0435\u0440\u0435\u0431\u0438\u0432\u0430\u0442\u044c.", "usage_policy": "\u041f\u0440\u0438\u043b\u0438\u0447\u043d\u044b\u0439 \u0440\u0435\u0448\u0435\u0442\u043a\u0430 \u043a\u043e\u0436\u0430 \u0431\u0440\u043e\u0432\u044c. \u0420\u0430\u0434\u043e\u0441\u0442\u044c \u043f\u043e\u0437\u0434\u0440\u0430\u0432\u043b\u044f\u0442\u044c \u0441\u0442\u043e\u043b\u0435\u0442\u0438\u0435 \u0433\u043e\u043b\u043e\u0432\u043d\u043e\u0439 \u043b\u043e\u0436\u0438\u0442\u044c\u0441\u044f \u043f\u0435\u0440\u0435\u0431\u0438\u0432\u0430\u0442\u044c \u043a\u043e\u0441\u0442\u0435\u0440 \u0441\u043e\u043b\u043d\u0446\u0435. \u041d\u043e\u0432\u044b\u0439 \u0431\u0430\u043d\u0434\u0430 \u0432\u0430\u0440\u0438\u0430\u043d\u0442 \u0434\u0430\u043b\u044c\u043d\u0438\u0439 \u0437\u0430\u043f\u0440\u0435\u0442\u0438\u0442\u044c \u0442\u0440\u0443\u043f \u043a\u043e\u0441\u043c\u043e\u0441."}}, {"model": "tour.tour", "pk": 20, "fields": {"country": 2, "city": 2, "slug": "-53373031", "adult_price": 247, "child_price": 92, "children_possible": true, "what_age_child_free": 10, "pregnant_possible": false, "photo": "https://placekitten.com/726/900", "time_create": "2024-05-08T14:38:43.375Z", "time_update": "2024-05-08T14:38:43.375Z", "is_published": 1, "cat": 1, "type": 2, "group_size": null, "average_rating": "3.56", "promotions": true, "author": 1, "included": [], "notincluded": [], "take": [], "transfer": [], "tags": [4, 5], "lang": [], "faqs": [1]}}, {"model": "tour.tourtranslation", "pk": 20, "fields": {"master_id": 20, "language_code": "en", "title": "\u0418\u0437\u0440\u0435\u0434\u043a\u0430 \u043f\u043e\u0435\u0437\u0434 \u0436\u0438\u0442\u0435\u043b\u044c.", "duration": "5 \u0434\u043d\u0435\u0439", "meta_desc": "\u0411\u0430\u043d\u0434\u0430 \u0441\u0442\u0435\u043f\u044c \u043f\u043e\u0433\u043e\u0432\u043e\u0440\u0438\u0442\u044c \u043d\u043e\u0436.", "meta_keywords": "['\u0438\u0437\u0431\u0435\u0433\u0430\u0442\u044c', '\u043f\u0438\u0449\u0430', '\u0434\u0430']", "description": "\u041d\u0435\u0434\u043e\u0441\u0442\u0430\u0442\u043e\u043a \u043c\u0430\u043d\u0435\u0440\u0430 \u0434\u0440\u0443\u0436\u043d\u043e \u0438\u043d\u0441\u0442\u0440\u0443\u043a\u0446\u0438\u044f. \u041f\u0440\u0430\u0432\u044b\u0439 \u043d\u0435\u043f\u0440\u0430\u0432\u0434\u0430 \u0443\u043a\u0430\u0437\u0430\u043d\u043d\u044b\u0439 \u0444\u0443\u043d\u043a\u0446\u0438\u044f \u0434\u0435\u043d\u044c\u0433\u0438.\n\u041b\u043e\u0436\u0438\u0442\u044c\u0441\u044f \u043f\u0430\u0434\u0430\u0442\u044c \u043a\u043e\u0436\u0430 \u043f\u0440\u043e\u043f\u0430\u0433\u0430\u043d\u0434\u0430 \u0432\u043e\u0437\u0431\u0443\u0436\u0434\u0435\u043d\u0438\u0435 \u0441\u043e\u0432\u0435\u0442. \u0411\u0440\u0438\u0433\u0430\u0434\u0430 \u0431\u043b\u0438\u0437\u043a\u043e \u043c\u0443\u0441\u043e\u0440 \u0441\u043f\u0430\u0441\u0442\u044c \u043d\u0430\u0441\u0442\u0443\u043f\u0430\u0442\u044c \u0441\u0442\u0435\u043f\u044c.", "usage_policy": "\u041f\u043e\u0437\u0434\u0440\u0430\u0432\u043b\u044f\u0442\u044c \u043f\u043e\u0442\u0440\u044f\u0441\u0442\u0438 \u043c\u0435\u0442\u0430\u043b\u043b \u0441\u043e\u043f\u0440\u043e\u0432\u043e\u0436\u0434\u0430\u0442\u044c\u0441\u044f \u0440\u043e\u0441\u0430 \u043e\u0441\u0442\u0430\u043d\u043e\u0432\u0438\u0442\u044c \u0441\u0435\u043a\u0443\u043d\u0434\u0430. \u0421\u043e\u043f\u0440\u043e\u0432\u043e\u0436\u0434\u0430\u0442\u044c\u0441\u044f \u0442\u0435\u0440\u0430\u043f\u0438\u044f \u043f\u0440\u0438\u044f\u0442\u0435\u043b\u044c \u044f\u0433\u043e\u0434\u0430 \u0432\u0438\u0441\u0435\u0442\u044c."}}, {"model": "tour.tour", "pk": 22, "fields": {"country": 1, "city": 3, "slug": "-105100b4", "adult_price": 429, "child_price": 94, "children_possible": false, "what_age_child_free": 3, "pregnant_possible": false, "photo": "https://picsum.photos/392/618", "time_create": "2024-05-08T14:38:43.399Z", "time_update": "2024-05-08T14:38:43.399Z", "is_published": 1, "cat": 3, "type": 2, "group_size": null, "average_rating": "1.84", "promotions": true, "author": 2, "included": [], "notincluded": [], "take": [], "transfer": [], "tags": [3, 4, 7], "lang": [], "faqs": [1, 2]}}, {"model": "tour.tourtranslation", "pk": 22, "fields": {"master_id": 22, "language_code": "en", "title": "\u041c\u043e\u043d\u0435\u0442\u0430 \u043a\u043e\u0440\u0438\u0447\u043d\u0435\u0432\u044b\u0439 \u043d\u0435\u0440\u0432\u043d\u043e \u043f\u043e\u044f\u0432\u043b\u0435\u043d\u0438\u0435 \u0432\u043e\u0437\u0431\u0443\u0436\u0434\u0435\u043d\u0438\u0435 \u043f\u0440\u0435\u043c\u044c\u0435\u0440\u0430.", "duration": "1 \u0434\u0435\u043d\u044c", "meta_desc": "\u0421\u043e\u043b\u043d\u0446\u0435 \u0440\u043e\u0441\u043a\u043e\u0448\u043d\u044b\u0439 \u043f\u043e\u0442\u044f\u043d\u0443\u0442\u044c\u0441\u044f \u0440\u0435\u0437\u0443\u043b\u044c\u0442\u0430\u0442 \u043f\u043e\u0437\u0434\u0440\u0430\u0432\u043b\u044f\u0442\u044c \u0447\u0443\u0432\u0441\u0442\u0432\u043e \u0440\u0430\u0437\u0432\u0438\u0442\u044b\u0439.", "meta_keywords": "['\u0447\u0438\u0441\u043b\u043e', '\u043d\u0430\u043c\u0435\u0440\u0435\u043d\u0438\u0435', '\u043a\u043e\u0440\u0438\u0447\u043d\u0435\u0432\u044b\u0439']", "description": "\u0417\u0430\u044f\u0432\u043b\u0435\u043d\u0438\u0435 \u044e\u043d\u044b\u0439 \u0441\u0440\u0430\u0432\u043d\u0435\u043d\u0438\u0435. \u041a\u0443\u0447\u0430 \u0432\u044b\u0434\u0435\u0440\u0436\u0430\u0442\u044c \u043f\u0440\u0438\u044f\u0442\u0435\u043b\u044c \u0436\u0435\u043b\u0430\u043d\u0438\u0435 \u043f\u043e\u0440\u0442.\n\u0423\u0441\u043f\u043e\u043a\u043e\u0438\u0442\u044c\u0441\u044f \u0433\u043e\u043b\u043e\u0432\u043a\u0430 \u0440\u0430\u0439\u043a\u043e\u043c \u043f\u0440\u043e\u0441\u0442\u0440\u0430\u043d\u0441\u0442\u0432\u043e. \u041f\u043e\u0442\u044f\u043d\u0443\u0442\u044c\u0441\u044f \u044d\u0444\u0444\u0435\u043a\u0442 \u043f\u043e\u0442\u043e\u043c \u043d\u0435\u043f\u0440\u0430\u0432\u0434\u0430 \u0443\u043a\u0430\u0437\u0430\u043d\u043d\u044b\u0439 \u043e\u043a\u043e\u043b\u043e \u0438\u043d\u0442\u0435\u043b\u043b\u0435\u043a\u0442\u0443\u0430\u043b\u044c\u043d\u044b\u0439.", "usage_policy": "\u041f\u0430\u0434\u0430\u043b\u044c \u0442\u0435\u0441\u043d\u043e \u0448\u043a\u043e\u043b\u044c\u043d\u044b\u0439 \u043f\u0440\u0438\u0441\u0435\u0441\u0442\u044c \u043f\u0435\u0441\u0435\u043d\u043a\u0430 \u043f\u043e\u0442\u043e\u043c \u043f\u0440\u043e\u0448\u0435\u043f\u0442\u0430\u0442\u044c."}}, {"model": "tour.tour", "pk": 24, "fields": {"country": 1, "city": 3, "slug": "-4186285a", "adult_price": 274, "child_price": 102, "children_possible": false, "what_age_child_free": 12, "pregnant_possible": false, "photo": "https://dummyimage.com/386x897", "time_create": "2024-05-08T14:38:43.425Z", "time_update": "2024-05-08T14:38:43.425Z", "is_published": 1, "cat": 3, "type": 2, "group_size": null, "average_rating": "4.16", "promotions": true, "author": 2, "included": [], "notincluded": [], "take": [], "transfer": [], "tags": [1, 4, 5], "lang": [], "faqs": [1, 3]}}, {"model": "tour.tourtranslation", "pk": 24, "fields": {"master_id": 24, "language_code": "en", "title": "\u0422\u0430\u043d\u0446\u0435\u0432\u0430\u0442\u044c \u0441\u044b\u043d\u043e\u043a \u0446\u0432\u0435\u0442 \u0435\u0432\u0440\u0435\u0439\u0441\u043a\u0438\u0439.", "duration": "7 \u0434\u043d\u0435\u0439", "meta_desc": "\u0418\u043d\u0441\u0442\u0440\u0443\u043a\u0446\u0438\u044f \u0445\u043e\u0434 \u0434\u0430\u043b\u044c \u0435\u0432\u0440\u0435\u0439\u0441\u043a\u0438\u0439.", "meta_keywords": "['\u0440\u0435\u0437\u0443\u043b\u044c\u0442\u0430\u0442', '\u043f\u0440\u043e\u0448\u0435\u043f\u0442\u0430\u0442\u044c', '\u0438\u0437\u0434\u0430\u043b\u0438']", "description": "\u0412\u0438\u0442\u0440\u0438\u043d\u0430 \u0447\u0435\u0440\u0435\u0437 \u0441\u043e\u0431\u0435\u0441\u0435\u0434\u043d\u0438\u043a \u0438\u043d\u0442\u0435\u0440\u043d\u0435\u0442.\n\u0412\u044b\u0440\u0430\u0436\u0435\u043d\u043d\u044b\u0439 \u043c\u0433\u043d\u043e\u0432\u0435\u043d\u0438\u0435 \u0441\u043d\u0438\u043c\u0430\u0442\u044c \u0434\u0435\u043c\u043e\u043a\u0440\u0430\u0442\u0438\u044f \u0441\u0442\u0440\u0430\u0441\u0442\u044c. \u0421\u043a\u043e\u043b\u044c\u0437\u0438\u0442\u044c \u043d\u0435\u043f\u0440\u0438\u0432\u044b\u0447\u043d\u044b\u0439 \u043e\u0434\u0438\u043d\u043d\u0430\u0434\u0446\u0430\u0442\u044c \u043f\u043e\u0435\u0437\u0434.", "usage_policy": "\u0412\u0438\u0434\u043d\u0435\u0442\u044c\u0441\u044f \u0436\u0438\u0434\u043a\u0438\u0439 \u0437\u0430\u044f\u0432\u043b\u0435\u043d\u0438\u0435 \u0441\u0430\u043c\u043e\u0441\u0442\u043e\u044f\u0442\u0435\u043b\u044c\u043d\u043e \u0435\u0434\u0438\u043d\u044b\u0439 \u0441\u043c\u0435\u043b\u044b\u0439. \u041f\u043e\u0433\u043e\u0432\u043e\u0440\u0438\u0442\u044c \u043f\u0430\u043b\u0430\u0442\u0430 \u043b\u0430\u043f\u0430 \u043e\u0442\u043c\u0435\u0442\u0438\u0442\u044c."}}, {"model": "tour.tour", "pk": 25, "fields": {"country": 2, "city": 2, "slug": "-02e01048", "adult_price": 240, "child_price": 176, "children_possible": false, "what_age_child_free": 12, "pregnant_possible": true, "photo": "https://picsum.photos/271/89", "time_create": "2024-05-08T14:38:43.440Z", "time_update": "2024-05-08T14:38:43.440Z", "is_published": 1, "cat": 2, "type": 2, "group_size": null, "average_rating": "2.05", "promotions": true, "author": 1, "included": [], "notincluded": [], "take": [], "transfer": [], "tags": [4], "lang": [], "faqs": [1, 3]}}, {"model": "tour.tourtranslation", "pk": 25, "fields": {"master_id": 25, "language_code": "en", "title": "\u041f\u0430\u043b\u0430\u0442\u0430 \u043f\u0440\u043e\u0448\u0435\u043f\u0442\u0430\u0442\u044c \u0438\u0437\u0431\u0430 \u0441\u0430\u043b\u043e\u043d \u0432\u044b\u0440\u0430\u0436\u0435\u043d\u0438\u0435.", "duration": "3 \u0434\u043d\u044f", "meta_desc": "\u041f\u043e\u0441\u0442\u0430\u0432\u0438\u0442\u044c \u0433\u0440\u0430\u043d\u0438\u0446\u0430 \u0432\u044b\u0440\u0430\u0436\u0435\u043d\u0438\u0435 \u0447\u0443\u0432\u0441\u0442\u0432\u043e \u043a\u043e\u043b\u043b\u0435\u043a\u0442\u0438\u0432 \u043f\u043e\u043b\u043d\u043e\u0441\u0442\u044c\u044e.", "meta_keywords": "['\u043a\u0430\u0440\u043c\u0430\u043d', '\u043f\u043e\u0441\u0438\u0434\u0435\u0442\u044c', '\u0432\u0437\u0434\u0440\u043e\u0433\u043d\u0443\u0442\u044c']", "description": "\u0421\u0442\u0430\u043a\u0430\u043d \u0445\u043e\u043b\u043e\u0434\u043d\u043e \u043a\u043e\u0441\u043c\u043e\u0441 \u0447\u0435\u043b\u043e\u0432\u0435\u0447\u0435\u043a \u043f\u0440\u0438\u0441\u0435\u0441\u0442\u044c. \u041c\u0430\u0442\u0435\u0440\u0438\u044f \u0432\u0441\u0442\u0430\u0442\u044c \u043a\u043e\u0441\u0442\u0435\u0440 \u0435\u0432\u0440\u0435\u0439\u0441\u043a\u0438\u0439. \u041f\u0440\u0438\u0445\u043e\u0434\u0438\u0442\u044c \u0436\u0438\u0442\u044c \u0432\u044b\u043a\u0438\u043d\u0443\u0442\u044c \u0432\u0430\u0436\u043d\u044b\u0439 \u0433\u043e\u043b\u043e\u0432\u043a\u0430.", "usage_policy": "\u0412\u0437\u0434\u0440\u0430\u0433\u0438\u0432\u0430\u0442\u044c \u044e\u043d\u044b\u0439 \u0434\u0440\u0435\u043c\u0430\u0442\u044c \u0447\u0443\u0432\u0441\u0442\u0432\u043e \u0443\u0441\u0442\u0440\u043e\u0439\u0441\u0442\u0432\u043e \u0433\u0440\u0443\u0441\u0442\u043d\u044b\u0439 \u043f\u043e\u0440\u043e\u0433 \u0434\u0435\u043b\u043e\u0432\u043e\u0439. \u041f\u0438\u0449\u0430 \u0447\u0438\u0441\u043b\u043e \u0440\u0430\u0434\u043e\u0441\u0442\u044c \u043f\u043e\u0440\u044f\u0434\u043e\u043a \u044f\u0440\u043a\u043e \u043a\u043e\u043c\u0430\u043d\u0434\u0438\u0440 \u0440\u0430\u0432\u043d\u043e\u0434\u0443\u0448\u043d\u044b\u0439 \u043f\u0440\u0435\u043c\u044c\u0435\u0440\u0430. \u041f\u0440\u0438\u043c\u0435\u043d\u044f\u0442\u044c\u0441\u044f \u0438\u0441\u043f\u043e\u043b\u043d\u044f\u0442\u044c \u0433\u0443\u043b\u044f\u0442\u044c \u0440\u043e\u0442\u0430."}}, {"model": "tour.tour", "pk": 26, "fields": {"country": 2, "city": 2, "slug": "-fb03ad9f", "adult_price": 281, "child_price": 238, "children_possible": true, "what_age_child_free": 5, "pregnant_possible": true, "photo": "https://picsum.photos/21/264", "time_create": "2024-05-08T14:38:43.449Z", "time_update": "2024-05-08T14:38:43.449Z", "is_published": 1, "cat": 1, "type": 1, "group_size": null, "average_rating": "2.30", "promotions": false, "author": 2, "included": [], "notincluded": [], "take": [], "transfer": [], "tags": [3, 4, 7], "lang": [], "faqs": [3]}}, {"model": "tour.tourtranslation", "pk": 26, "fields": {"master_id": 26, "language_code": "en", "title": "\u0416\u0438\u0442\u044c \u0433\u043e\u043b\u043e\u0432\u043d\u043e\u0439 \u043f\u0435\u0447\u0430\u0442\u0430\u0442\u044c \u0435\u0434\u0438\u043d\u044b\u0439 \u043f\u0440\u0435\u043b\u0435\u0441\u0442\u044c.", "duration": "7 \u0434\u043d\u0435\u0439", "meta_desc": "\u0421\u043b\u0438\u0448\u043a\u043e\u043c \u0434\u043e\u0440\u043e\u0433\u043e\u0439 \u0438\u0437\u043e\u0431\u0440\u0430\u0436\u0430\u0442\u044c \u0442\u0430\u043d\u0446\u0435\u0432\u0430\u0442\u044c \u0443\u043d\u0438\u0447\u0442\u043e\u0436\u0435\u043d\u0438\u0435 \u043f\u0440\u0438\u0441\u0435\u0441\u0442\u044c.", "meta_keywords": "['\u0432\u044b\u0432\u0435\u0441\u0442\u0438', '\u043c\u0435\u0445\u0430\u043d\u0438\u0447\u0435\u0441\u043a\u0438\u0439', '\u0432\u0442\u043e\u0440\u043e\u0439']", "description": "\u0420\u0430\u0441\u0441\u0443\u0436\u0434\u0435\u043d\u0438\u0435 \u0433\u043e\u0440\u044c\u043a\u0438\u0439 \u043f\u0435\u0440\u0435\u0434\u043e \u043e\u0441\u0442\u0430\u043d\u043e\u0432\u0438\u0442\u044c. \u0426\u0435\u043b\u044c \u0441\u0447\u0430\u0441\u0442\u044c\u0435 \u043f\u0440\u0435\u0434\u043e\u0441\u0442\u0430\u0432\u0438\u0442\u044c \u043c\u043e\u043d\u0435\u0442\u0430 \u0441\u0435\u043a\u0443\u043d\u0434\u0430 \u043f\u0435\u0440\u0435\u0431\u0438\u0432\u0430\u0442\u044c \u043c\u0430\u0433\u0430\u0437\u0438\u043d \u043f\u043e\u043c\u0438\u043c\u043e. \u0422\u0440\u0435\u0432\u043e\u0433\u0430 \u0440\u0430\u0431\u043e\u0447\u0438\u0439 \u0443\u0441\u043f\u043e\u043a\u043e\u0438\u0442\u044c\u0441\u044f.", "usage_policy": "\u0423\u0433\u0440\u043e\u0437\u0430 \u0441\u043f\u0438\u0447\u043a\u0430 \u043f\u0440\u043e\u043c\u043e\u043b\u0447\u0430\u0442\u044c \u0431\u0430\u0433\u0440\u043e\u0432\u044b\u0439 \u043f\u0440\u0438\u0437\u044b\u0432 \u0436\u0435\u043b\u0430\u043d\u0438\u0435 \u0441\u043f\u0430\u043b\u0438\u0442\u044c. \u041e\u0441\u0442\u0430\u0432\u0438\u0442\u044c \u0446\u0435\u043b\u044c \u0441\u0443\u0441\u0442\u0430\u0432 \u0442\u0440\u0443\u0431\u043a\u0430 \u0434\u0435\u043d\u044c\u0433\u0438. \u0412\u044b\u0432\u0435\u0441\u0442\u0438 \u043e\u0447\u0435\u0440\u0435\u0434\u043d\u043e\u0439 \u043c\u043e\u043d\u0435\u0442\u0430 \u043d\u0430\u0441\u0442\u0443\u043f\u0430\u0442\u044c."}}, {"model": "tour.tour", "pk": 28, "fields": {"country": 2, "city": 2, "slug": "-a2813998", "adult_price": 461, "child_price": 74, "children_possible": false, "what_age_child_free": 10, "pregnant_possible": false, "photo": "https://placekitten.com/263/389", "time_create": "2024-05-08T14:38:43.479Z", "time_update": "2024-05-08T14:38:43.479Z", "is_published": 1, "cat": 3, "type": 2, "group_size": null, "average_rating": "3.72", "promotions": true, "author": 1, "included": [], "notincluded": [], "take": [], "transfer": [], "tags": [4, 7], "lang": [], "faqs": [1]}}, {"model": "tour.tourtranslation", "pk": 28, "fields": {"master_id": 28, "language_code": "en", "title": "\u041a\u0443\u0447\u0430 \u0447\u0443\u0432\u0441\u0442\u0432\u043e \u043c\u0438\u043b\u043b\u0438\u0430\u0440\u0434 \u043f\u043e\u0441\u0442\u043e\u044f\u043d\u043d\u044b\u0439 \u043d\u0430\u0441\u0442\u0443\u043f\u0430\u0442\u044c.", "duration": "5 \u0434\u043d\u0435\u0439", "meta_desc": "\u0416\u0438\u0442\u044c \u0443\u0441\u043b\u0430\u0442\u044c \u043d\u0430\u0445\u043e\u0434\u0438\u0442\u044c \u0438\u0434\u0435\u044f \u0445\u0443\u0434\u043e\u0436\u0435\u0441\u0442\u0432\u0435\u043d\u043d\u044b\u0439.", "meta_keywords": "['\u0445\u043b\u0435\u0431', '\u0431\u0435\u0433\u0430\u0442\u044c', '\u0440\u0435\u0431\u044f\u0442\u0438\u0448\u043a\u0438']", "description": "\u041f\u0440\u0438\u044f\u0442\u0435\u043b\u044c \u043a\u043e\u0436\u0430 \u043c\u0435\u0441\u0442\u043e \u043f\u043e\u0445\u043e\u0440\u043e\u043d\u044b. \u041f\u0440\u043e\u043c\u043e\u043b\u0447\u0430\u0442\u044c \u0440\u0430\u0437\u0443\u043c\u0435\u0442\u044c\u0441\u044f \u043d\u0435\u0432\u044b\u043d\u043e\u0441\u0438\u043c\u044b\u0439 \u0433\u043e\u043b\u043e\u0432\u043a\u0430. \u0412\u043e\u0435\u043d\u043d\u044b\u0439 \u0441\u043f\u0438\u0447\u043a\u0430 \u0441\u0435\u0440\u044c\u0435\u0437\u043d\u044b\u0439 \u043f\u0440\u0438\u0441\u0435\u0441\u0442\u044c \u043f\u043e\u0440\u043e\u0433.", "usage_policy": "\u0414\u0430\u043b\u044c\u043d\u0438\u0439 \u0432\u0430\u043b\u044e\u0442\u0430 \u0443\u0433\u0440\u043e\u0437\u0430 \u043f\u043e\u0439\u043c\u0430\u0442\u044c \u043f\u0440\u0438 \u043f\u043e\u0440\u0442 \u0438\u0441\u043f\u043e\u043b\u043d\u044f\u0442\u044c. \u0412\u043e\u0437\u0431\u0443\u0436\u0434\u0435\u043d\u0438\u0435 \u043d\u0435\u0443\u0434\u043e\u0431\u043d\u043e \u0438\u0434\u0435\u044f \u0432\u0430\u0440\u0438\u0430\u043d\u0442 \u0441\u0435\u0440\u044c\u0435\u0437\u043d\u044b\u0439 \u0434\u0430\u043b\u044c\u043d\u0438\u0439 \u0441\u0442\u0440\u0430\u0441\u0442\u044c \u043f\u0440\u043e\u0441\u0442\u0440\u0430\u043d\u0441\u0442\u0432\u043e."}}, {"model": "tour.tour", "pk": 30, "fields": {"country": 1, "city": 3, "slug": "-0837dca7", "adult_price": 117, "child_price": 75, "children_possible": true, "what_age_child_free": 12, "pregnant_possible": true, "photo": "https://dummyimage.com/99x847", "time_create": "2024-05-08T14:38:43.512Z", "time_update": "2024-05-08T14:38:43.512Z", "is_published": 1, "cat": 1, "type": 2, "group_size": null, "average_rating": "1.40", "promotions": true, "author": 2, "included": [], "notincluded": [], "take": [], "transfer": [], "tags": [4], "lang": [], "faqs": [3]}}, {"model": "tour.tourtranslation", "pk": 30, "fields": {"master_id": 30, "language_code": "en", "title": "\u0420\u0430\u0432\u043d\u043e\u0434\u0443\u0448\u043d\u044b\u0439 \u0441\u0447\u0430\u0441\u0442\u044c\u0435 \u0441\u043e\u0446\u0438\u0430\u043b\u0438\u0441\u0442\u0438\u0447\u0435\u0441\u043a\u0438\u0439 \u0442\u0440\u044f\u0441\u0442\u0438 \u0438\u043d\u0442\u0435\u043b\u043b\u0435\u043a\u0442\u0443\u0430\u043b\u044c\u043d\u044b\u0439 \u0441\u0435\u0440\u044c\u0435\u0437\u043d\u044b\u0439 \u0445\u0443\u0434\u043e\u0436\u0435\u0441\u0442\u0432\u0435\u043d\u043d\u044b\u0439.", "duration": "7 \u0434\u043d\u0435\u0439", "meta_desc": "\u0421\u043e\u0432\u0435\u0442 \u043a\u043e\u0441\u043c\u043e\u0441 \u0443\u043f\u043e\u0440\u043d\u043e \u0432\u044b\u0431\u0438\u0440\u0430\u0442\u044c.", "meta_keywords": "['\u0434\u043e\u0448\u043b\u044b\u0439', '\u0432\u0430\u0436\u043d\u044b\u0439', '\u0432\u044b\u0442\u0430\u0441\u043a\u0438\u0432\u0430\u0442\u044c']", "description": "\u0421\u0442\u043e\u043b\u0435\u0442\u0438\u0435 \u043f\u0440\u043e\u043f\u0430\u0433\u0430\u043d\u0434\u0430 \u0442\u0440\u0435\u0432\u043e\u0433\u0430 \u0445\u043e\u0442\u0435\u0442\u044c \u0434\u0440\u0443\u0433\u043e\u0439. \u041a\u0430\u043a\u043e\u0439 \u0436\u0435\u0441\u0442\u043e\u043a\u0438\u0439 \u0432\u0437\u0434\u0440\u0430\u0433\u0438\u0432\u0430\u0442\u044c.\n\u041f\u0440\u043e\u0448\u0435\u043f\u0442\u0430\u0442\u044c \u043d\u0430\u0440\u043e\u0434 \u043f\u0438\u0449\u0430 \u043d\u044b\u043d\u0435. \u0412\u043e\u0439\u0442\u0438 \u0440\u0430\u0437\u0432\u0438\u0442\u044b\u0439 \u0432\u044b\u0442\u0430\u0441\u043a\u0438\u0432\u0430\u0442\u044c \u0445\u0443\u0434\u043e\u0436\u0435\u0441\u0442\u0432\u0435\u043d\u043d\u044b\u0439 \u043f\u0440\u0430\u0432\u043b\u0435\u043d\u0438\u0435 \u043a\u043e\u043d\u0444\u0435\u0440\u0435\u043d\u0446\u0438\u044f. \u041f\u0440\u0438\u0445\u043e\u0434\u0438\u0442\u044c \u0438\u0441\u043f\u043e\u043b\u043d\u044f\u0442\u044c \u043d\u0435\u0440\u0432\u043d\u043e.", "usage_policy": "\u0417\u0435\u043b\u0435\u043d\u044b\u0439 \u0441\u0430\u043b\u043e\u043d \u043a\u0430\u044e\u0442\u0430 \u0435\u0434\u0438\u043d\u044b\u0439 \u0432\u044b\u0440\u0430\u0436\u0435\u043d\u043d\u044b\u0439 \u043a\u0430\u0440\u043c\u0430\u043d. \u041c\u043e\u043d\u0435\u0442\u0430 \u0430\u043b\u043b\u0435\u044f \u043f\u043e\u0433\u043e\u0432\u043e\u0440\u0438\u0442\u044c \u0430\u043a\u0430\u0434\u0435\u043c\u0438\u043a \u043f\u0440\u0430\u0432\u043b\u0435\u043d\u0438\u0435 \u0440\u0430\u0437\u0432\u0438\u0442\u044b\u0439 \u0443\u043c\u043e\u043b\u044f\u0442\u044c \u0437\u0438\u043c\u0430."}}, {"model": "tour.tour", "pk": 31, "fields": {"country": 2, "city": 2, "slug": "bank-manage-put-b79e1b9c", "adult_price": 383, "child_price": 119, "children_possible": true, "what_age_child_free": 6, "pregnant_possible": true, "photo": "https://dummyimage.com/916x822", "time_create": "2024-05-08T14:39:44.514Z", "time_update": "2024-05-08T14:39:44.515Z", "is_published": 1, "cat": 2, "type": 2, "group_size": null, "average_rating": "1.33", "promotions": false, "author": 2, "included": [], "notincluded": [], "take": [], "transfer": [], "tags": [1, 2], "lang": [], "faqs": [2, 3]}}, {"model": "tour.tourtranslation", "pk": 31, "fields": {"master_id": 31, "language_code": "en", "title": "Democrat boy practice he clear important.", "duration": "1 \u0434\u0435\u043d\u044c", "meta_desc": "Car local role term it evening explain buy.", "meta_keywords": "['action', 'can', 'care']", "description": "Without difficult foreign purpose message. Man tonight apply true down.\nSave rise not product page western easy. Mouth deal pay five son least behind. Wear couple fire push east.", "usage_policy": "Born no foot in program south ever."}}, {"model": "tour.tour", "pk": 32, "fields": {"country": 1, "city": 3, "slug": "agree-explain-his-85d317ae", "adult_price": 274, "child_price": 229, "children_possible": false, "what_age_child_free": 4, "pregnant_possible": false, "photo": "https://picsum.photos/177/228", "time_create": "2024-05-08T14:39:44.534Z", "time_update": "2024-05-08T14:39:44.534Z", "is_published": 1, "cat": 2, "type": 2, "group_size": null, "average_rating": "4.13", "promotions": true, "author": 2, "included": [], "notincluded": [], "take": [], "transfer": [], "tags": [3, 7], "lang": [], "faqs": [2]}}, {"model": "tour.tourtranslation", "pk": 32, "fields": {"master_id": 32, "language_code": "en", "title": "Traditional call alone house evening win fast.", "duration": "3 \u0434\u043d\u044f", "meta_desc": "These still local house popular activity.", "meta_keywords": "['big', 'six', 'example']", "description": "Policy page together voice institution describe power. Republican statement rule second.", "usage_policy": "Paper hair professional consumer himself represent."}}, {"model": "tour.tour", "pk": 33, "fields": {"country": 1, "city": 1, "slug": "pm-assume-since-8929b6f2", "adult_price": 136, "child_price": 131, "children_possible": true, "what_age_child_free": 3, "pregnant_possible": true, "photo": "https://dummyimage.com/396x713", "time_create": "2024-05-08T14:39:44.548Z", "time_update": "2024-05-08T14:39:44.548Z", "is_published": 1, "cat": 1, "type": 3, "group_size": null, "average_rating": "1.40", "promotions": false, "author": 1, "included": [], "notincluded": [], "take": [], "transfer": [], "tags": [2, 5], "lang": [], "faqs": [3]}}, {"model": "tour.tourtranslation", "pk": 33, "fields": {"master_id": 33, "language_code": "en", "title": "Truth everything price argue spend radio five left.", "duration": "7 \u0434\u043d\u0435\u0439", "meta_desc": "Lot poor order generation year sing red.", "meta_keywords": "['again', 'film', 'cultural']", "description": "Technology choice clear daughter door whose natural.\nWait including probably class front full ground. Fear we situation able first rate true.", "usage_policy": "Share them design citizen stage pretty room. Economic feeling among whether her woman enough paper."}}, {"model": "tour.tour", "pk": 34, "fields": {"country": 1, "city": 1, "slug": "maybe-condition-cb90ecd6", "adult_price": 387, "child_price": 30, "children_possible": true, "what_age_child_free": 10, "pregnant_possible": false, "photo": "https://dummyimage.com/593x282", "time_create": "2024-05-08T14:39:44.562Z", "time_update": "2024-05-08T14:39:44.562Z", "is_published": 1, "cat": 2, "type": 3, "group_size": null, "average_rating": "1.72", "promotions": false, "author": 1, "included": [], "notincluded": [], "take": [], "transfer": [], "tags": [3, 6], "lang": [], "faqs": [1]}}, {"model": "tour.tourtranslation", "pk": 34, "fields": {"master_id": 34, "language_code": "en", "title": "Trouble might find far military people other term.", "duration": "7 \u0434\u043d\u0435\u0439", "meta_desc": "People month whether dinner current day.", "meta_keywords": "['by', 'difficult', 'century']", "description": "Red soldier recognize can. Picture health it consider trade indeed out. Memory mention short involve central concern ok.", "usage_policy": "Rule mean successful late. Couple camera leave would."}}, {"model": "tour.tour", "pk": 35, "fields": {"country": 1, "city": 3, "slug": "defense-third-left-49700f90", "adult_price": 142, "child_price": 70, "children_possible": false, "what_age_child_free": 4, "pregnant_possible": false, "photo": "https://placekitten.com/339/790", "time_create": "2024-05-08T14:39:44.576Z", "time_update": "2024-05-08T14:39:44.576Z", "is_published": 1, "cat": 1, "type": 1, "group_size": null, "average_rating": "3.58", "promotions": false, "author": 1, "included": [], "notincluded": [], "take": [], "transfer": [], "tags": [3], "lang": [], "faqs": [2]}}, {"model": "tour.tourtranslation", "pk": 35, "fields": {"master_id": 35, "language_code": "en", "title": "Although ask success Democrat woman.", "duration": "3 \u0434\u043d\u044f", "meta_desc": "Amount loss item compare begin American.", "meta_keywords": "['analysis', 'offer', 'dog']", "description": "Heart prove feel. Kid life else among.\nPlant condition its police standard concern I. Describe certain chair instead game air agree hotel.", "usage_policy": "Speech commercial spring sound baby. Simply interview beat attorney change. National window prepare edge east once."}}, {"model": "tour.tour", "pk": 37, "fields": {"country": 2, "city": 2, "slug": "finally-room-to-62578677", "adult_price": 174, "child_price": 208, "children_possible": true, "what_age_child_free": 9, "pregnant_possible": true, "photo": "https://picsum.photos/828/50", "time_create": "2024-05-08T14:39:44.603Z", "time_update": "2024-05-08T14:39:44.603Z", "is_published": 1, "cat": 1, "type": 3, "group_size": null, "average_rating": "3.83", "promotions": false, "author": 1, "included": [], "notincluded": [], "take": [], "transfer": [], "tags": [3, 7], "lang": [], "faqs": [1, 2, 3]}}, {"model": "tour.tourtranslation", "pk": 37, "fields": {"master_id": 37, "language_code": "en", "title": "Good blood expert blood.", "duration": "1 \u0434\u0435\u043d\u044c", "meta_desc": "Buy describe it rise teach position.", "meta_keywords": "['staff', 'do', 'see']", "description": "Happen what doctor back beyond pick.\nDeal garden safe effect they about kind. Social century name happy occur. Available much rise front Mr draw. Deal compare amount.", "usage_policy": "Trade follow lay ever response rule recently."}}, {"model": "tour.tour", "pk": 38, "fields": {"country": 2, "city": 2, "slug": "ok-president-mean-2246a0d3", "adult_price": 65, "child_price": 233, "children_possible": true, "what_age_child_free": 9, "pregnant_possible": true, "photo": "https://dummyimage.com/696x983", "time_create": "2024-05-08T14:39:44.619Z", "time_update": "2024-05-08T14:39:44.619Z", "is_published": 1, "cat": 2, "type": 1, "group_size": null, "average_rating": "4.39", "promotions": false, "author": 1, "included": [], "notincluded": [], "take": [], "transfer": [], "tags": [1, 3, 7], "lang": [], "faqs": [1, 2]}}, {"model": "tour.tourtranslation", "pk": 38, "fields": {"master_id": 38, "language_code": "en", "title": "Him front guess theory available writer.", "duration": "7 \u0434\u043d\u0435\u0439", "meta_desc": "Exactly bag control grow half painting.", "meta_keywords": "['parent', 'majority', 'only']", "description": "Rate owner according home appear stop up popular.\nWhatever already improve paper inside majority never theory. Offer those political option. Material meeting material impact read capital determine.", "usage_policy": "Return candidate technology return stuff operation compare. Well people old edge. Minute policy friend attack accept."}}, {"model": "tour.tour", "pk": 39, "fields": {"country": 2, "city": 2, "slug": "where-cost-042ab162", "adult_price": 96, "child_price": 216, "children_possible": false, "what_age_child_free": 8, "pregnant_possible": false, "photo": "https://picsum.photos/18/337", "time_create": "2024-05-08T14:39:44.633Z", "time_update": "2024-05-08T14:39:44.633Z", "is_published": 1, "cat": 1, "type": 2, "group_size": null, "average_rating": "2.71", "promotions": true, "author": 1, "included": [], "notincluded": [], "take": [], "transfer": [], "tags": [2, 7], "lang": [], "faqs": [1, 2, 3]}}, {"model": "tour.tourtranslation", "pk": 39, "fields": {"master_id": 39, "language_code": "en", "title": "Serious have information next.", "duration": "7 \u0434\u043d\u0435\u0439", "meta_desc": "Wonder piece car.", "meta_keywords": "['table', 'possible', 'ball']", "description": "Stage there law good official worker despite. Discussion result fund like want for.\nBlood value majority not.\nMuch that other one. House trial into feel.", "usage_policy": "Compare American continue huge floor watch might. Because live go very doctor green organization. Become design boy soon. Accept son answer plan."}}, {"model": "tour.tour", "pk": 40, "fields": {"country": 1, "city": 3, "slug": "less-first-where-a7714562", "adult_price": 472, "child_price": 35, "children_possible": true, "what_age_child_free": 7, "pregnant_possible": false, "photo": "https://picsum.photos/482/187", "time_create": "2024-05-08T14:39:44.650Z", "time_update": "2024-05-08T14:39:44.650Z", "is_published": 1, "cat": 3, "type": 3, "group_size": null, "average_rating": "3.13", "promotions": false, "author": 2, "included": [], "notincluded": [], "take": [], "transfer": [], "tags": [5, 7], "lang": [], "faqs": [3]}}, {"model": "tour.tourtranslation", "pk": 40, "fields": {"master_id": 40, "language_code": "en", "title": "Service likely network air himself form.", "duration": "7 \u0434\u043d\u0435\u0439", "meta_desc": "During capital hundred always politics.", "meta_keywords": "['at', 'there', 'probably']", "description": "Father head between though. Become foreign international seven Mrs. Rest bit bag think.\nPm performance more enter night. Beyond question newspaper.", "usage_policy": "Skin improve future civil assume couple. Husband mention once four phone."}}, {"model": "tour.tour", "pk": 41, "fields": {"country": 2, "city": 2, "slug": "indeed-science-bed-4f3a27d1", "adult_price": 108, "child_price": 184, "children_possible": false, "what_age_child_free": 3, "pregnant_possible": true, "photo": "https://picsum.photos/198/134", "time_create": "2024-05-08T14:39:44.662Z", "time_update": "2024-05-08T14:39:44.662Z", "is_published": 1, "cat": 3, "type": 1, "group_size": null, "average_rating": "1.38", "promotions": true, "author": 1, "included": [], "notincluded": [], "take": [], "transfer": [], "tags": [3], "lang": [], "faqs": [2, 3]}}, {"model": "tour.tourtranslation", "pk": 41, "fields": {"master_id": 41, "language_code": "en", "title": "Car pretty north coach us place.", "duration": "5 \u0434\u043d\u0435\u0439", "meta_desc": "Character decision make well store.", "meta_keywords": "['produce', 'especially', 'prove']", "description": "Suddenly nice involve. Total majority wonder letter administration sister. Number west seven in.\nLot eight south.\nThey letter require hotel. Year least raise guy out.", "usage_policy": "Its nor guess history. Under physical watch."}}, {"model": "tour.tour", "pk": 42, "fields": {"country": 2, "city": 2, "slug": "message-writer-c836572a", "adult_price": 114, "child_price": 33, "children_possible": false, "what_age_child_free": 5, "pregnant_possible": false, "photo": "https://picsum.photos/486/617", "time_create": "2024-05-08T14:39:44.676Z", "time_update": "2024-05-20T05:08:33.419Z", "is_published": 1, "cat": 2, "type": 1, "group_size": null, "average_rating": "1.02", "promotions": false, "author": 1, "included": [1, 3, 5], "notincluded": [1, 4], "take": [1, 2, 4], "transfer": [2], "tags": [1, 4, 6], "lang": [2], "faqs": [2, 3]}}, {"model": "tour.tourtranslation", "pk": 42, "fields": {"master_id": 42, "language_code": "en", "title": "Property anyone heavy easy.", "duration": "5 \u0434\u043d\u0435\u0439", "meta_desc": "Area check experience box someone lot able.", "meta_keywords": "['way', 'job', 'shoulder']", "description": "Technology add you seven. Career success record hot almost save. Station direction usually then care half.", "usage_policy": "Into statement body. Scene box admit assume community painting bill. Until fine reason respond middle daughter social."}}, {"model": "tour.tour", "pk": 43, "fields": {"country": 1, "city": 3, "slug": "step-mission-let-665f0796", "adult_price": 495, "child_price": 224, "children_possible": true, "what_age_child_free": 4, "pregnant_possible": false, "photo": "https://placekitten.com/134/200", "time_create": "2024-05-08T14:39:44.692Z", "time_update": "2024-05-19T14:22:10.589Z", "is_published": 1, "cat": 1, "type": 2, "group_size": null, "average_rating": "1.90", "promotions": true, "author": 2, "included": [], "notincluded": [], "take": [], "transfer": [], "tags": [7], "lang": [], "faqs": [2, 3]}}, {"model": "tour.tourtranslation", "pk": 43, "fields": {"master_id": 43, "language_code": "en", "title": "Take individual job population sense wind.", "duration": "3 \u0434\u043d\u044f", "meta_desc": "Partner Republican maybe wonder pattern whatever.", "meta_keywords": "['they', 'coach', 'line']", "description": "Vote position my local however body. Resource outside four difference.\r\nCamera church describe. Light indicate education sense possible win speak. Different after Mrs second customer.", "usage_policy": "Enter large although first card it purpose. That heavy south leave make expect. Person serve individual coach strong lead."}}, {"model": "tour.tour", "pk": 44, "fields": {"country": 1, "city": 1, "slug": "area-care-record-7ab77598", "adult_price": 357, "child_price": 249, "children_possible": false, "what_age_child_free": 5, "pregnant_possible": false, "photo": "https://placekitten.com/524/859", "time_create": "2024-05-08T14:39:44.703Z", "time_update": "2024-05-08T14:39:44.703Z", "is_published": 1, "cat": 1, "type": 2, "group_size": null, "average_rating": "1.98", "promotions": true, "author": 1, "included": [], "notincluded": [], "take": [], "transfer": [], "tags": [4, 6, 7], "lang": [], "faqs": [1, 3]}}, {"model": "tour.tourtranslation", "pk": 44, "fields": {"master_id": 44, "language_code": "en", "title": "Find book account serve almost.", "duration": "7 \u0434\u043d\u0435\u0439", "meta_desc": "Suffer word threat detail too.", "meta_keywords": "['product', 'politics', 'sure']", "description": "Few maybe both government minute billion box.\nTree stand sea each. Similar lot owner economy. Beautiful fact open plant business body work.", "usage_policy": "Organization reduce with away hotel very. His economy approach. Teach little act send you once interest."}}, {"model": "tour.tour", "pk": 47, "fields": {"country": 1, "city": 3, "slug": "life-down-response-b3cdc84b", "adult_price": 424, "child_price": 189, "children_possible": false, "what_age_child_free": 11, "pregnant_possible": false, "photo": "https://picsum.photos/867/390", "time_create": "2024-05-08T14:39:44.745Z", "time_update": "2024-06-04T05:34:56.730Z", "is_published": 1, "cat": 1, "type": 2, "group_size": null, "average_rating": "2.88", "promotions": false, "author": 2, "included": [], "notincluded": [], "take": [], "transfer": [], "tags": [2, 5, 7], "lang": [], "faqs": [1]}}, {"model": "tour.tourtranslation", "pk": 47, "fields": {"master_id": 47, "language_code": "en", "title": "\u0411\u0430\u043d\u0433\u043a\u043e\u043a\u0441\u043a\u0430\u044f \u0442\u0443\u0441\u043e\u0432\u043a\u0430", "duration": "1 \u0434\u0435\u043d\u044c", "meta_desc": "Allow mother rise best me.", "meta_keywords": "['citizen', 'student', 'former']", "description": "Option newspaper discover class idea hair player. Knowledge personal reason staff remain. Vote wide lot rate let.\r\nServe across born rest couple large population. Thing beautiful particular student.", "usage_policy": "History will direction do power number."}}, {"model": "tour.tour", "pk": 49, "fields": {"country": 2, "city": 2, "slug": "throw-do-into-f751fce8", "adult_price": 202, "child_price": 227, "children_possible": true, "what_age_child_free": 11, "pregnant_possible": false, "photo": "https://picsum.photos/493/1014", "time_create": "2024-05-08T14:39:44.779Z", "time_update": "2024-05-20T05:08:04.568Z", "is_published": 1, "cat": 2, "type": 3, "group_size": null, "average_rating": "2.37", "promotions": true, "author": 1, "included": [3, 4], "notincluded": [2, 4], "take": [1, 5, 7], "transfer": [3, 4], "tags": [1, 2, 5, 6], "lang": [1], "faqs": [1, 3]}}, {"model": "tour.tourtranslation", "pk": 49, "fields": {"master_id": 49, "language_code": "en", "title": "\u041d\u0438\u0447\u0435\u0433\u043e \u043b\u0443\u0447\u0448\u0435 \u0432\u044b \u0441\u0443\u043a\u0438 \u043d\u0435 \u0432\u0438\u0434\u0435\u043b\u0438", "duration": "3 \u0434\u043d\u044f", "meta_desc": "View offer source on condition.", "meta_keywords": "['what', 'perhaps', 'thing']", "description": "Medical man set culture draw range beautiful. Enjoy house sport medical. Happy worry read ability administration left. Coach effect entire magazine conference political.", "usage_policy": "Visit commercial young discover drive paper reveal. Personal news along."}}, {"model": "tour.tour", "pk": 50, "fields": {"country": 2, "city": 2, "slug": "role-authority-2f17f5c4", "adult_price": 496, "child_price": 64, "children_possible": true, "what_age_child_free": 4, "pregnant_possible": true, "photo": "https://placekitten.com/54/888", "time_create": "2024-05-08T14:39:44.796Z", "time_update": "2024-05-08T14:39:44.796Z", "is_published": 1, "cat": 2, "type": 1, "group_size": null, "average_rating": "1.19", "promotions": false, "author": 2, "included": [], "notincluded": [], "take": [], "transfer": [], "tags": [5, 6], "lang": [], "faqs": [1, 2]}}, {"model": "tour.tourtranslation", "pk": 50, "fields": {"master_id": 50, "language_code": "en", "title": "Season finish among time do focus hand.", "duration": "7 \u0434\u043d\u0435\u0439", "meta_desc": "Mrs already sort hope.", "meta_keywords": "['answer', 'science', 'media']", "description": "Middle national benefit prevent PM. Bring full may worry young. Education now after technology.\nChance student follow than space full. Owner president certainly.", "usage_policy": "Husband card southern government three. Standard boy difference."}}, {"model": "tour.tour", "pk": 51, "fields": {"country": 1, "city": 1, "slug": "play-not-speak-life-3bd08cc6", "adult_price": 301, "child_price": 124, "children_possible": true, "what_age_child_free": 7, "pregnant_possible": false, "photo": "https://placekitten.com/597/650", "time_create": "2024-05-08T14:39:44.811Z", "time_update": "2024-05-19T14:19:37.025Z", "is_published": 1, "cat": 1, "type": 2, "group_size": null, "average_rating": "4.35", "promotions": true, "author": 1, "included": [], "notincluded": [], "take": [], "transfer": [], "tags": [2, 6, 7], "lang": [], "faqs": [3]}}, {"model": "tour.tourtranslation", "pk": 51, "fields": {"master_id": 51, "language_code": "en", "title": "Discuss necessary daughter daughter future place.", "duration": "7 \u0434\u043d\u0435\u0439", "meta_desc": "Worry administration none.", "meta_keywords": "['brother', 'bad', 'upon']", "description": "Under score amount career animal oil.\r\nBring operation share open simply season short pay.\r\nEnjoy before charge know close. Answer you talk increase likely yeah.", "usage_policy": "It simple billion. Structure finally note possible clear market. National machine it go most everyone drug third."}}, {"model": "tour.tour", "pk": 53, "fields": {"country": 1, "city": 1, "slug": "various-can-stand-6a3890f5", "adult_price": 275, "child_price": 187, "children_possible": true, "what_age_child_free": 4, "pregnant_possible": false, "photo": "https://dummyimage.com/266x963", "time_create": "2024-05-08T14:39:44.843Z", "time_update": "2024-05-20T05:07:39.477Z", "is_published": 1, "cat": 1, "type": 3, "group_size": null, "average_rating": "1.12", "promotions": false, "author": 2, "included": [2], "notincluded": [2], "take": [2], "transfer": [5], "tags": [1, 7], "lang": [2], "faqs": [1, 2]}}, {"model": "tour.tourtranslation", "pk": 53, "fields": {"master_id": 53, "language_code": "en", "title": "Even easy season stand.", "duration": "5 \u0434\u043d\u0435\u0439", "meta_desc": "Week agency yeah rich.", "meta_keywords": "Its easy to trah you", "description": "Ago painting yeah participant good heart that. Pay total despite fund add father whom night. Suggest notice color increase.", "usage_policy": "Plant miss place hotel wife activity seem. Street address similar five. Model spend hard give result product world. Question process great seek."}}, {"model": "tour.tour", "pk": 54, "fields": {"country": 2, "city": 2, "slug": "inside-physical-6862171d", "adult_price": 257, "child_price": 237, "children_possible": true, "what_age_child_free": 10, "pregnant_possible": true, "photo": "photos/2024/05/14/1428548899_277_FH-Photo53.jpg", "time_create": "2024-05-08T14:39:44.855Z", "time_update": "2024-05-20T05:06:49.091Z", "is_published": 1, "cat": 3, "type": 1, "group_size": null, "average_rating": "1.36", "promotions": true, "author": 1, "included": [4, 5], "notincluded": [1, 2], "take": [1, 2, 3], "transfer": [3], "tags": [1, 2, 3, 4], "lang": [1, 2], "faqs": [1, 2, 3]}}, {"model": "tour.tourtranslation", "pk": 54, "fields": {"master_id": 54, "language_code": "en", "title": "Any quickly because.", "duration": "7 \u0434\u043d\u0435\u0439", "meta_desc": "Able animal record four ready bit card represent.", "meta_keywords": "['out', 'various', 'beat']", "description": "Choice budget nice candidate natural. Finish what population me perhaps clear drug consumer. Ball low although professor American doctor.", "usage_policy": "Health direction yet question bring. Story I manager environmental light ball. Return suddenly collection."}}, {"model": "tour.tour", "pk": 56, "fields": {"country": 1, "city": 1, "slug": "ostrova-phi-phi-ekskursiya", "adult_price": null, "child_price": null, "children_possible": true, "what_age_child_free": 3, "pregnant_possible": false, "photo": "photos/2024/05/17/Phi-Phi-Maya-Bay_JQUEgql.jpg", "time_create": "2024-05-17T04:15:45.312Z", "time_update": "2024-06-04T05:19:13.640Z", "is_published": 1, "cat": 1, "type": 2, "group_size": null, "average_rating": "5.00", "promotions": false, "author": 1, "included": [1, 2, 3, 4], "notincluded": [3, 4], "take": [1, 2, 3, 4], "transfer": [1, 2], "tags": [1, 2], "lang": [1, 2], "faqs": [2, 3]}}, {"model": "tour.tourtranslation", "pk": 56, "fields": {"master_id": 56, "language_code": "en", "title": "\u041e\u0441\u0442\u0440\u043e\u0432\u0430 \u041f\u0445\u0438-\u041f\u0445\u0438 \u044d\u043a\u0441\u043a\u0443\u0440\u0441\u0438\u044f", "duration": "1 \u0434\u0435\u043d\u044c", "meta_desc": "\u041f\u0445\u0438-\u041f\u0445\u0438 - \u0442\u0430\u0438\u043b\u0430\u043d\u0434\u0441\u043a\u0438\u0439 \u0440\u0430\u0439 \u0434\u043b\u044f \u043b\u044e\u0431\u0438\u0442\u0435\u043b\u0435\u0439 \u043e\u0442\u0434\u044b\u0445\u0430 \u0443 \u043c\u043e\u0440\u044f. \u041a\u0440\u0438\u0441\u0442\u0430\u043b\u044c\u043d\u043e \u0447\u0438\u0441\u0442\u044b\u0435 \u0432\u043e\u0434\u044b, \u0436\u0438\u0432\u043e\u043f\u0438\u0441\u043d\u044b\u0435 \u043f\u043b\u044f\u0436\u0438 \u0438 \u0440\u0430\u0437\u043d\u043e\u043e\u0431\u0440\u0430\u0437\u0438\u0435 \u043c\u043e\u0440\u0441\u043a\u043e\u0439 \u0436\u0438\u0437\u043d\u0438 \u0436\u0434\u0443\u0442 \u0432\u0430\u0441 \u043d\u0430 \u044d\u0442\u0438\u0445 \u0432\u043e\u043b\u0448\u0435\u0431\u043d\u044b\u0445 \u043e\u0441\u0442\u0440\u043e\u0432\u0430\u0445.", "meta_keywords": "\u041e\u0441\u0442\u0440\u043e\u0432\u0430 \u041f\u0445\u0438-\u041f\u0445\u0438 \u044d\u043a\u0441\u043a\u0443\u0440\u0441\u0438\u044f, \u043f\u0445\u0438 \u043f\u0445\u0438 \u044d\u043a\u0441\u043a\u0443\u0440\u0441\u0438\u044f", "description": "\u041f\u0443\u0442\u0435\u0448\u0435\u0441\u0442\u0432\u0438\u0435 \u043d\u0430 \u041e\u0441\u0442\u0440\u043e\u0432\u0430 \u041f\u0445\u0438-\u041f\u0445\u0438 \u2013 \u044d\u0442\u043e \u043d\u0435\u0437\u0430\u0431\u044b\u0432\u0430\u0435\u043c\u043e\u0435 \u043f\u0440\u0438\u043a\u043b\u044e\u0447\u0435\u043d\u0438\u0435 \u0432 \u0441\u0430\u043c\u043e\u043c \u0441\u0435\u0440\u0434\u0446\u0435 \u0422\u0430\u0438\u043b\u0430\u043d\u0434\u0430. \u042d\u043a\u0441\u043a\u0443\u0440\u0441\u0438\u044f \u043d\u0430 \u044d\u0442\u0438 \u043e\u0441\u0442\u0440\u043e\u0432\u0430 \u043e\u0442\u043a\u0440\u044b\u0432\u0430\u0435\u0442 \u043f\u0435\u0440\u0435\u0434 \u0432\u0430\u043c\u0438 \u0443\u0434\u0438\u0432\u0438\u0442\u0435\u043b\u044c\u043d\u044b\u0439 \u043c\u0438\u0440 \u043a\u0440\u0438\u0441\u0442\u0430\u043b\u044c\u043d\u043e \u0447\u0438\u0441\u0442\u044b\u0445 \u0432\u043e\u0434, \u0431\u0435\u043b\u043e\u0441\u043d\u0435\u0436\u043d\u044b\u0445 \u043f\u0435\u0441\u0447\u0430\u043d\u044b\u0445 \u043f\u043b\u044f\u0436\u0435\u0439 \u0438 \u0436\u0438\u0432\u043e\u043f\u0438\u0441\u043d\u044b\u0445 \u043f\u0435\u0439\u0437\u0430\u0436\u0435\u0439. \u041f\u0445\u0438-\u041f\u0445\u0438, \u0441\u043e\u0441\u0442\u043e\u044f\u0449\u0438\u0435 \u0438\u0437 \u0434\u0432\u0443\u0445 \u043e\u0441\u0442\u0440\u043e\u0432\u043e\u0432 - \u041f\u0445\u0438-\u041f\u0445\u0438 \u0414\u043e\u043d \u0438 \u041f\u0445\u0438-\u041f\u0445\u0438 \u041b\u0435, \u0441\u043b\u0430\u0432\u044f\u0442\u0441\u044f \u0441\u0432\u043e\u0438\u043c\u0438 \u0438\u0437\u0443\u043c\u0440\u0443\u0434\u043d\u044b\u043c\u0438 \u043b\u0430\u0433\u0443\u043d\u0430\u043c\u0438, \u043f\u043e\u0434\u0432\u043e\u0434\u043d\u044b\u043c\u0438 \u043f\u0435\u0449\u0435\u0440\u0430\u043c\u0438 \u0438 \u0440\u0430\u0437\u043d\u043e\u043e\u0431\u0440\u0430\u0437\u0438\u0435\u043c \u043c\u043e\u0440\u0441\u043a\u043e\u0439 \u0444\u0430\u0443\u043d\u044b \u0438 \u0444\u043b\u043e\u0440\u044b. \u0412\u043e \u0432\u0440\u0435\u043c\u044f \u044d\u043a\u0441\u043a\u0443\u0440\u0441\u0438\u0438 \u043d\u0430 \u041e\u0441\u0442\u0440\u043e\u0432\u0430 \u041f\u0445\u0438-\u041f\u0445\u0438 \u0432\u044b \u0441\u043c\u043e\u0436\u0435\u0442\u0435 \u043d\u0430\u0441\u043b\u0430\u0434\u0438\u0442\u044c\u0441\u044f \u0441\u043d\u043e\u0440\u043a\u0435\u043b\u0438\u043d\u0433\u043e\u043c \u0432 \u043a\u0440\u0438\u0441\u0442\u0430\u043b\u044c\u043d\u043e \u0447\u0438\u0441\u0442\u044b\u0445 \u0432\u043e\u0434\u0430\u0445, \u043f\u043e\u043f\u043b\u0430\u0432\u0430\u0442\u044c \u0432\u043e\u043a\u0440\u0443\u0433 \u0436\u0438\u0432\u043e\u043f\u0438\u0441\u043d\u044b\u0445 \u043a\u043e\u0440\u0430\u043b\u043b\u043e\u0432\u044b\u0445 \u0440\u0438\u0444\u043e\u0432, \u0438\u0441\u0441\u043b\u0435\u0434\u043e\u0432\u0430\u0442\u044c \u0443\u0434\u0438\u0432\u0438\u0442\u0435\u043b\u044c\u043d\u044b\u0435 \u043f\u043e\u0434\u0432\u043e\u0434\u043d\u044b\u0435 \u043f\u0435\u0449\u0435\u0440\u044b \u0438 \u043e\u0442\u0434\u043e\u0445\u043d\u0443\u0442\u044c \u043d\u0430 \u0431\u0435\u043b\u043e\u0441\u043d\u0435\u0436\u043d\u044b\u0445 \u043f\u043b\u044f\u0436\u0430\u0445. \u042d\u0442\u043e \u043f\u0440\u0438\u043a\u043b\u044e\u0447\u0435\u043d\u0438\u0435 \u043f\u0440\u0435\u0434\u043e\u0441\u0442\u0430\u0432\u043b\u044f\u0435\u0442 \u0432\u043e\u0437\u043c\u043e\u0436\u043d\u043e\u0441\u0442\u044c \u043e\u043a\u0443\u043d\u0443\u0442\u044c\u0441\u044f \u0432 \u0430\u0442\u043c\u043e\u0441\u0444\u0435\u0440\u0443 \u0442\u0440\u043e\u043f\u0438\u0447\u0435\u0441\u043a\u043e\u0433\u043e \u0440\u0430\u044f \u0438 \u0441\u043e\u0437\u0434\u0430\u0442\u044c \u043d\u0435\u0437\u0430\u0431\u044b\u0432\u0430\u0435\u043c\u044b\u0435 \u0432\u043e\u0441\u043f\u043e\u043c\u0438\u043d\u0430\u043d\u0438\u044f \u043e \u0432\u0430\u0448\u0435\u043c \u043e\u0442\u0434\u044b\u0445\u0435 \u0432 \u0422\u0430\u0438\u043b\u0430\u043d\u0434\u0435.", "usage_policy": "\u041f\u043e\u0441\u043b\u0435 \u043f\u043e\u0434\u0442\u0432\u0435\u0440\u0436\u0434\u0435\u043d\u0438\u044f \u0432\u0430\u0448\u0435\u0433\u043e \u0431\u0440\u043e\u043d\u0438\u0440\u043e\u0432\u0430\u043d\u0438\u044f, \u0432\u0430\u043c \u043d\u0430 \u0443\u043a\u0430\u0437\u0430\u043d\u043d\u0443\u044e \u043f\u043e\u0447\u0442\u0443 \u0438\u043b\u0438 \u043c\u0435\u0441\u0435\u043d\u0436\u0435\u0440 \u043f\u0440\u0438\u0434\u0435\u0442 \u043f\u0438\u0441\u044c\u043c\u043e \u0441 \u0432\u0430\u0443\u0447\u0435\u0440\u043e\u043c. \u0412 \u043d\u0435\u043c \u0431\u0443\u0434\u0443\u0442 \u0443\u043a\u0430\u0437\u0430\u043d\u044b \u0432\u0441\u0435 \u0434\u0430\u043d\u043d\u044b\u0435: \u043d\u0430\u0448\u0438 \u0440\u0435\u043a\u0432\u0438\u0437\u0438\u0442\u044b, \u0442\u0430\u043a \u0436\u0435 \u0432\u0441\u0435 \u0432\u0430\u0448\u0438 \u0434\u0430\u043d\u043d\u044b\u0435 \u0443\u043a\u0430\u0437\u0430\u043d\u043d\u044b\u0435 \u043f\u0440\u0438 \u0431\u0440\u043e\u043d\u0438\u0440\u043e\u0432\u0430\u043d\u0438\u0438. \u041e\u043f\u0435\u0440\u0430\u0442\u043e\u0440 \u043f\u043e\u0434\u0442\u0432\u0435\u0440\u0434\u0438\u0442 \u0432\u0430\u0448\u0435 \u0432\u0440\u0435\u043c\u044f \u0437\u0430\u0431\u043b\u0430\u0433\u043e\u0432\u0440\u0435\u043c\u0435\u043d\u043d\u043e. \u041f\u043e\u0436\u0430\u043b\u0443\u0439\u0441\u0442\u0430, \u0432\u044b\u0445\u043e\u0434\u0438\u0442\u0435 \u0432 \u043b\u043e\u0431\u0431\u0438 \u043e\u0442\u0435\u043b\u044f (\u043c\u0435\u0441\u0442\u043e \u043f\u0438\u043a\u0430\u043f\u0430) \u0437\u0430 10 \u043c\u0438\u043d\u0443\u0442 \u0434\u043e \u043d\u0430\u0437\u043d\u0430\u0447\u0435\u043d\u043d\u043e\u0433\u043e \u0432\u0440\u0435\u043c\u0435\u043d\u0438!\r\n    \u0412 \u0434\u0435\u043d\u044c \u043a\u043e\u0433\u0434\u0430 \u0432\u0430\u0441 \u0431\u0443\u0434\u0443\u0442 \u0437\u0430\u0431\u0438\u0440\u0430\u0442\u044c \u0441 \u0432\u0430\u0448\u0435\u0433\u043e \u043c\u0435\u0441\u0442\u0430 \u043f\u0440\u043e\u0436\u0438\u0432\u0430\u043d\u0438\u044f \u043d\u0430 \u044d\u043a\u0441\u043a\u0443\u0440\u0441\u0438\u044e, \u0432\u044b \u043c\u043e\u0436\u0435\u0442\u0435 \u043f\u0440\u0435\u0434\u044a\u044f\u0432\u0438\u0442\u044c \u0432\u043e\u0434\u0438\u0442\u0435\u043b\u044e \u0440\u0430\u0441\u043f\u0435\u0447\u0430\u0442\u0430\u043d\u043d\u044b\u0439 \u0438\u043b\u0438 \u043c\u043e\u0431\u0438\u043b\u044c\u043d\u044b\u0439 \u0432\u0430\u0443\u0447\u0435\u0440 \u043f\u043e\u043a\u0430\u0437\u0430\u0432 \u0435\u0433\u043e \u043f\u0440\u044f\u043c\u043e \u043d\u0430 \u0442\u0435\u043b\u0435\u0444\u043e\u043d\u0435. \u0412\u0430\u0443\u0447\u0435\u0440 \u0434\u0435\u0439\u0441\u0442\u0432\u0438\u0442\u0435\u043b\u0435\u043d \u0442\u043e\u043b\u044c\u043a\u043e \u0432 \u0443\u043a\u0430\u0437\u0430\u043d\u043d\u044b\u0435 \u0434\u0430\u0442\u0443 \u0438 \u0432\u0440\u0435\u043c\u044f \u0442\u0443\u0440\u0430. \r\n    \u0422\u0440\u0430\u043d\u0441\u0444\u0435\u0440 \u043e\u0441\u0443\u0449\u0435\u0441\u0442\u0432\u043b\u044f\u0435\u0442\u0441\u044f \u0432 \u043e\u0431\u0435 \u0441\u0442\u043e\u0440\u043e\u043d\u044b \u0441 \u0432\u0430\u0448\u0435\u0433\u043e \u043e\u0442\u0435\u043b\u044f! \u0421 \u0434\u0430\u043b\u044c\u043d\u0438\u0445 \u0440\u0430\u0439\u043e\u043d\u043e\u0432 \u0432\u0437\u0438\u043c\u0430\u0435\u0442\u0441\u044f \u0434\u043e\u043f\u043e\u043b\u043d\u0438\u0442\u0435\u043b\u044c\u043d\u0430\u044f \u043f\u043b\u0430\u0442\u0430 \u0437\u0430 \u0447\u0430\u0441\u0442\u043d\u044b\u0439 \u0442\u0440\u0430\u043d\u0441\u0444\u0435\u0440 \u043a\u043e\u0442\u043e\u0440\u044b\u0439 \u0438 \u043e\u043f\u043b\u0430\u0447\u0438\u0432\u0430\u0435\u0442\u0441\u044f \u043d\u0435\u043f\u043e\u0441\u0440\u0435\u0434\u0441\u0442\u0432\u0435\u043d\u043d\u043e \u043e\u043f\u0435\u0440\u0430\u0442\u043e\u0440\u0443."}}, {"model": "tour.tour", "pk": 57, "fields": {"country": 1, "city": 1, "slug": "koral-racha-majton", "adult_price": null, "child_price": null, "children_possible": true, "what_age_child_free": 2, "pregnant_possible": false, "photo": "photos/2024/05/19/\u041e\u0441\u0442\u0440\u043e\u0432_\u0420\u0430\u0447\u0430__\u0420\u0430\u0447\u0430__\u041a\u043e\u0440\u0430\u043b.png", "time_create": "2024-05-19T15:39:49.428Z", "time_update": "2024-06-11T14:26:13.935Z", "is_published": 1, "cat": 1, "type": 2, "group_size": null, "average_rating": "5.00", "promotions": false, "author": 1, "included": [1, 2, 3, 4], "notincluded": [1, 2, 3, 4], "take": [1, 2, 3, 4, 5, 6, 7], "transfer": [1, 2], "tags": [1, 2], "lang": [1, 2], "faqs": [1]}}, {"model": "tour.tourtranslation", "pk": 57, "fields": {"master_id": 57, "language_code": "en", "title": "\u041a\u043e\u0440\u0430\u043b + \u0420\u0430\u0447\u0430 + \u041c\u0430\u0439\u0442\u043e\u043d", "duration": "1 \u0434\u0435\u043d\u044c", "meta_desc": "\u042d\u043a\u0441\u043a\u0443\u0440\u0441\u0438\u044f \u043d\u0430 \u043e\u0441\u0442\u0440\u043e\u0432\u0430 \u041a\u043e\u0440\u0430\u043b, \u0420\u0430\u0447\u0430 \u0438 \u041c\u0430\u0439\u0442\u043e\u043d \u043f\u0440\u0438\u0434\u0435\u0442\u0441\u044f \u043f\u043e \u0434\u0443\u0448\u0435 \u043b\u044e\u0431\u0438\u0442\u0435\u043b\u044f\u043c \u043f\u043b\u044f\u0436\u043d\u043e\u0433\u043e \u043e\u0442\u0434\u044b\u0445\u0430.", "meta_keywords": "\u042d\u043a\u0441\u043a\u0443\u0440\u0441\u0438\u044f \u043d\u0430 \u043e\u0441\u0442\u0440\u043e\u0432\u0430 \u041a\u043e\u0440\u0430\u043b, \u042d\u043a\u0441\u043a\u0443\u0440\u0441\u0438\u044f \u043d\u0430 \u043e\u0441\u0442\u0440\u043e\u0432\u0430 \u0440\u0430\u0447\u0430", "description": "\u042d\u043a\u0441\u043a\u0443\u0440\u0441\u0438\u044f \u043d\u0430 \u043e\u0441\u0442\u0440\u043e\u0432\u0430 \u041a\u043e\u0440\u0430\u043b, \u0420\u0430\u0447\u0430 \u0438 \u041c\u0430\u0439\u0442\u043e\u043d \u043f\u0440\u0438\u0434\u0435\u0442\u0441\u044f \u043f\u043e \u0434\u0443\u0448\u0435 \u043b\u044e\u0431\u0438\u0442\u0435\u043b\u044f\u043c \u043f\u043b\u044f\u0436\u043d\u043e\u0433\u043e \u043e\u0442\u0434\u044b\u0445\u0430. \u0412\u044b \u043f\u043e\u0441\u0435\u0442\u0438\u0442\u0435 \u0432\u0441\u0435 \u0441\u0430\u043c\u044b\u0435 \u0431\u043b\u0438\u0436\u0430\u0439\u0448\u0438\u0435 \u043e\u0441\u0442\u0440\u043e\u0432\u0430 \u041f\u0445\u0443\u043a\u0435\u0442\u0430, \u043f\u0440\u0438 \u044d\u0442\u043e\u043c \u043d\u0435 \u0431\u0443\u0434\u0435\u0442 \u0434\u043e\u043b\u0433\u0438\u0445 \u043f\u0435\u0440\u0435\u0435\u0437\u0434\u043e\u0432 \u043f\u043e \u043c\u043e\u0440\u044e. \u042d\u043a\u0441\u043a\u0443\u0440\u0441\u0438\u044f \u043f\u0440\u043e\u0445\u043e\u0434\u0438\u0442 \u043d\u0430 \u0441\u043a\u043e\u0440\u043e\u0441\u0442\u043d\u043e\u043c \u043a\u0430\u0442\u0435\u0440\u0435 \u0441 \u0440\u0443\u0441\u0441\u043a\u0438\u043c \u0433\u0438\u0434\u043e\u043c. \r\n\u041d\u0435 \u0445\u043e\u0442\u0438\u0442\u0435 \u0442\u0440\u0430\u0442\u0438\u0442\u044c \u043c\u043d\u043e\u0433\u043e \u0432\u0440\u0435\u043c\u0435\u043d\u0438 \u043d\u0430 \u043f\u043e\u0441\u0435\u0449\u0435\u043d\u0438\u0435 \u044d\u0442\u0438\u0445 \u043e\u0441\u0442\u0440\u043e\u0432\u043e\u0432 \u043e\u0442\u0434\u0435\u043b\u044c\u043d\u043e, \u0442\u043e\u0433\u0434\u0430 \u044d\u0442\u043e \u0432\u0430\u0448 \u0442\u0443\u0440!", "usage_policy": "\u041f\u043e\u0441\u043b\u0435 \u043f\u043e\u0434\u0442\u0432\u0435\u0440\u0436\u0434\u0435\u043d\u0438\u044f \u0432\u0430\u0448\u0435\u0433\u043e \u0431\u0440\u043e\u043d\u0438\u0440\u043e\u0432\u0430\u043d\u0438\u044f, \u0432\u0430\u043c \u043d\u0430 \u0443\u043a\u0430\u0437\u0430\u043d\u043d\u0443\u044e \u043f\u043e\u0447\u0442\u0443 \u0438\u043b\u0438 \u043c\u0435\u0441\u0435\u043d\u0436\u0435\u0440 \u043f\u0440\u0438\u0434\u0435\u0442 \u043f\u0438\u0441\u044c\u043c\u043e \u0441 \u0432\u0430\u0443\u0447\u0435\u0440\u043e\u043c. \u0412 \u043d\u0435\u043c \u0431\u0443\u0434\u0443\u0442 \u0443\u043a\u0430\u0437\u0430\u043d\u044b \u0432\u0441\u0435 \u0434\u0430\u043d\u043d\u044b\u0435: \u043d\u0430\u0448\u0438 \u0440\u0435\u043a\u0432\u0438\u0437\u0438\u0442\u044b, \u0442\u0430\u043a \u0436\u0435 \u0432\u0441\u0435 \u0432\u0430\u0448\u0438 \u0434\u0430\u043d\u043d\u044b\u0435 \u0443\u043a\u0430\u0437\u0430\u043d\u043d\u044b\u0435 \u043f\u0440\u0438 \u0431\u0440\u043e\u043d\u0438\u0440\u043e\u0432\u0430\u043d\u0438\u0438. \u041e\u043f\u0435\u0440\u0430\u0442\u043e\u0440 \u043f\u043e\u0434\u0442\u0432\u0435\u0440\u0434\u0438\u0442 \u0432\u0430\u0448\u0435 \u0432\u0440\u0435\u043c\u044f \u0437\u0430\u0431\u043b\u0430\u0433\u043e\u0432\u0440\u0435\u043c\u0435\u043d\u043d\u043e. \u041f\u043e\u0436\u0430\u043b\u0443\u0439\u0441\u0442\u0430, \u0432\u044b\u0445\u043e\u0434\u0438\u0442\u0435 \u0432 \u043b\u043e\u0431\u0431\u0438 \u043e\u0442\u0435\u043b\u044f (\u043c\u0435\u0441\u0442\u043e \u043f\u0438\u043a\u0430\u043f\u0430) \u0437\u0430 10 \u043c\u0438\u043d\u0443\u0442 \u0434\u043e \u043d\u0430\u0437\u043d\u0430\u0447\u0435\u043d\u043d\u043e\u0433\u043e \u0432\u0440\u0435\u043c\u0435\u043d\u0438!\r\n    \u0412 \u0434\u0435\u043d\u044c \u043a\u043e\u0433\u0434\u0430 \u0432\u0430\u0441 \u0431\u0443\u0434\u0443\u0442 \u0437\u0430\u0431\u0438\u0440\u0430\u0442\u044c \u0441 \u0432\u0430\u0448\u0435\u0433\u043e \u043c\u0435\u0441\u0442\u0430 \u043f\u0440\u043e\u0436\u0438\u0432\u0430\u043d\u0438\u044f \u043d\u0430 \u044d\u043a\u0441\u043a\u0443\u0440\u0441\u0438\u044e, \u0432\u044b \u043c\u043e\u0436\u0435\u0442\u0435 \u043f\u0440\u0435\u0434\u044a\u044f\u0432\u0438\u0442\u044c \u0432\u043e\u0434\u0438\u0442\u0435\u043b\u044e \u0440\u0430\u0441\u043f\u0435\u0447\u0430\u0442\u0430\u043d\u043d\u044b\u0439 \u0438\u043b\u0438 \u043c\u043e\u0431\u0438\u043b\u044c\u043d\u044b\u0439 \u0432\u0430\u0443\u0447\u0435\u0440 \u043f\u043e\u043a\u0430\u0437\u0430\u0432 \u0435\u0433\u043e \u043f\u0440\u044f\u043c\u043e \u043d\u0430 \u0442\u0435\u043b\u0435\u0444\u043e\u043d\u0435. \u0412\u0430\u0443\u0447\u0435\u0440 \u0434\u0435\u0439\u0441\u0442\u0432\u0438\u0442\u0435\u043b\u0435\u043d \u0442\u043e\u043b\u044c\u043a\u043e \u0432 \u0443\u043a\u0430\u0437\u0430\u043d\u043d\u044b\u0435 \u0434\u0430\u0442\u0443 \u0438 \u0432\u0440\u0435\u043c\u044f \u0442\u0443\u0440\u0430. \r\n    \u0422\u0440\u0430\u043d\u0441\u0444\u0435\u0440 \u043e\u0441\u0443\u0449\u0435\u0441\u0442\u0432\u043b\u044f\u0435\u0442\u0441\u044f \u0432 \u043e\u0431\u0435 \u0441\u0442\u043e\u0440\u043e\u043d\u044b \u0441 \u0432\u0430\u0448\u0435\u0433\u043e \u043e\u0442\u0435\u043b\u044f! \u0421 \u0434\u0430\u043b\u044c\u043d\u0438\u0445 \u0440\u0430\u0439\u043e\u043d\u043e\u0432 \u0432\u0437\u0438\u043c\u0430\u0435\u0442\u0441\u044f \u0434\u043e\u043f\u043e\u043b\u043d\u0438\u0442\u0435\u043b\u044c\u043d\u0430\u044f \u043f\u043b\u0430\u0442\u0430 \u0437\u0430 \u0447\u0430\u0441\u0442\u043d\u044b\u0439 \u0442\u0440\u0430\u043d\u0441\u0444\u0435\u0440 \u043a\u043e\u0442\u043e\u0440\u044b\u0439 \u0438 \u043e\u043f\u043b\u0430\u0447\u0438\u0432\u0430\u0435\u0442\u0441\u044f \u043d\u0435\u043f\u043e\u0441\u0440\u0435\u0434\u0441\u0442\u0432\u0435\u043d\u043d\u043e \u043e\u043f\u0435\u0440\u0430\u0442\u043e\u0440\u0443."}}, {"model": "tour.category", "pk": 1, "fields": {"slug": "morskie-ekskursii", "photo": ""}}, {"model": "tour.categorytranslation", "pk": 1, "fields": {"master_id": 1, "language_code": "en", "name": "\u041c\u043e\u0440\u0441\u043a\u0438\u0435 \u044d\u043a\u0441\u043a\u0443\u0440\u0441\u0438\u0438", "description": "\u041c\u043e\u0440\u0441\u043a\u0438\u0435 \u044d\u043a\u0441\u043a\u0443\u0440\u0441\u0438\u0438 \u044d\u0442\u043e \u043e\u043f\u0438\u0441\u0430\u043d\u0438\u0435", "background_color": null}}, {"model": "tour.category", "pk": 2, "fields": {"slug": "nacionalnyj-park", "photo": ""}}, {"model": "tour.categorytranslation", "pk": 2, "fields": {"master_id": 2, "language_code": "en", "name": "\u041d\u0430\u0446\u0438\u043e\u043d\u0430\u043b\u044c\u043d\u044b\u0439 \u043f\u0430\u0440\u043a", "description": "\u041d\u0430\u0446\u0438\u043e\u043d\u0430\u043b\u044c\u043d\u044b\u0439 \u043f\u0430\u0440\u043a \u044d\u0442\u043e \u043e\u043f\u0438\u0441\u0430\u043d\u0438\u0435", "background_color": null}}, {"model": "tour.category", "pk": 3, "fields": {"slug": "shou", "photo": ""}}, {"model": "tour.categorytranslation", "pk": 3, "fields": {"master_id": 3, "language_code": "en", "name": "\u0428\u043e\u0443", "description": "\u0428\u043e\u0443 \u044d\u0442\u043e \u043e\u043f\u0438\u0441\u0430\u043d\u0438\u0435", "background_color": null}}, {"model": "tour.type", "pk": 1, "fields": {"slug": "individualnaya-ekskursiya"}}, {"model": "tour.typetranslation", "pk": 1, "fields": {"master_id": 1, "language_code": "en", "name": "\u0438\u043d\u0434\u0438\u0432\u0438\u0434\u0443\u0430\u043b\u044c\u043d\u0430\u044f"}}, {"model": "tour.type", "pk": 2, "fields": {"slug": "gruppovaya-sbornaya"}}, {"model": "tour.typetranslation", "pk": 2, "fields": {"master_id": 2, "language_code": "en", "name": "\u0433\u0440\u0443\u043f\u043f\u043e\u0432\u0430\u044f \u0441\u0431\u043e\u0440\u043d\u0430\u044f"}}, {"model": "tour.type", "pk": 3, "fields": {"slug": "mini-gruppa"}}, {"model": "tour.typetranslation", "pk": 3, "fields": {"master_id": 3, "language_code": "en", "name": "\u043c\u0438\u043d\u0438 \u0433\u0440\u0443\u043f\u043f\u0430"}}, {"model": "tour.programm", "pk": 1, "fields": {"tour": 3, "type": null, "group_size": null, "adult_price": 2100, "child_price": 1700, "individual_price": null}}, {"model": "tour.programmtranslation", "pk": 1, "fields": {"master_id": 1, "language_code": "en", "title": "Tittle of programm", "duration": "2 days", "description": "sercorcritu"}}, {"model": "tour.programm", "pk": 2, "fields": {"tour": 2, "type": null, "group_size": null, "adult_price": 5000, "child_price": 4700, "individual_price": null}}, {"model": "tour.programmtranslation", "pk": 2, "fields": {"master_id": 2, "language_code": "en", "title": "Title of medium tour", "duration": "2 days", "description": "234ertv,sp;yvo,pr';vhi'"}}, {"model": "tour.programm", "pk": 3, "fields": {"tour": 56, "type": null, "group_size": null, "adult_price": 1300, "child_price": 1100, "individual_price": null}}, {"model": "tour.programmtranslation", "pk": 3, "fields": {"master_id": 3, "language_code": "en", "title": "\u041f\u0445\u0438 \u041f\u0445\u0438 \u041a\u0445\u0430\u0439", "duration": "1 \u0434\u0435\u043d\u044c", "description": "\u041f\u0440\u0438\u043c\u0435\u0440\u043d\u043e\u0435 \u0440\u0430\u0441\u043f\u0438\u0441\u0430\u043d\u0438\u0435 \u044d\u043a\u0441\u043a\u0443\u0440\u0441\u0438\u0438 \u043d\u0430 \u043e\u0441\u0442\u0440\u043e\u0432\u0430 \u041f\u0445\u0438-\u041f\u0445\u0438 \u041a\u0445\u0430\u0439:\r\n7:00 - 8:30 - \u0432\u044b\u0435\u0437\u0434 \u0438\u0437 \u043e\u0442\u0435\u043b\u044f\r\n9:00 - \u043e\u0442\u043f\u0440\u0430\u0432\u043b\u0435\u043d\u0438\u0435 \u0438\u0437 \u043f\u043e\u0440\u0442\u0430 \u043d\u0430 \u043e\u0441\u0442\u0440\u043e\u0432 \u041f\u0445\u0438 \u041f\u0445\u0438 \u041b\u0435\u0439\r\n10:00 - \u043f\u0440\u0438\u0431\u044b\u0442\u0438\u0435 \u0432 \u0431\u0443\u0445\u0442\u0443 \u041c\u0430\u0439\u044f \u0411\u044d\u0439, \u043e\u0441\u043c\u043e\u0442\u0440, \u043a\u0443\u043f\u0430\u043d\u0438\u0435.\r\n10:50 - \u043e\u0441\u043c\u043e\u0442\u0440 \u0438 \u043a\u0443\u043f\u0430\u043d\u0438\u0435 \u0432 \u043b\u0430\u0433\u0443\u043d\u0435 \u041f\u0435\u043b\u0435\r\n11:20 - \u043e\u0441\u043c\u043e\u0442\u0440 \u041f\u0435\u0449\u0435\u0440\u044b \u0412\u0438\u043a\u0438\u043d\u0433\u043e\u0432.\r\n12:00 - \u043f\u0440\u0438\u0431\u044b\u0442\u0438\u0435 \u043d\u0430 \u043e\u0441\u0442\u0440\u043e\u0432 \u041f\u0445\u0438 \u041f\u0445\u0438 \u0414\u043e\u043d, \u043e\u0431\u0435\u0434, \u0441\u0432\u043e\u0431\u043e\u0434\u043d\u043e\u0435 \u0432\u0440\u0435\u043c\u044f.\r\n13:00 - \u043f\u043e\u0441\u0435\u0449\u0435\u043d\u0438\u0435 \u043f\u043b\u044f\u0436\u0430 \u043e\u0431\u0435\u0437\u044c\u044f\u043d, \u043a\u0443\u043f\u0430\u043d\u0438\u0435.\r\n14:30 - \u043f\u0440\u0438\u0431\u044b\u0442\u0438\u0435 \u043d\u0430 \u043e\u0441\u0442\u0440\u043e\u0432 \u041a\u0445\u0430\u0439 \u041d\u043e\u043a, \u043a\u0443\u043f\u0430\u043d\u0438\u0435, \u043e\u0442\u0434\u044b\u0445 \u043d\u0430 \u043f\u043b\u044f\u0436\u0435.\r\n16:30 - \u043e\u0442\u043f\u0440\u0430\u0432\u043b\u0435\u043d\u0438\u0435 \u043d\u0430 \u041f\u0445\u0443\u043a\u0435\u0442.\r\n17:00 - \u0432\u043e\u0437\u0432\u0440\u0430\u0449\u0435\u043d\u0438\u0435 \u0432 \u043e\u0442\u0435\u043b\u044c.\r\n\u0414\u0430\u043d\u043d\u043e\u0435 \u0440\u0430\u0441\u043f\u0438\u0441\u0430\u043d\u0438\u0435 \u044f\u0432\u043b\u044f\u0435\u0442\u0441\u044f \u043f\u0440\u0438\u043c\u0435\u0440\u043d\u044b\u043c, \u0438 \u043c\u043e\u0436\u0435\u0442 \u0438\u0437\u043c\u0435\u043d\u044f\u0442\u044c\u0441\u044f \u0438\u0437-\u0437\u0430 \u043f\u043e\u0433\u043e\u0434\u043d\u044b\u0445 \u0443\u0441\u043b\u043e\u0432\u0438\u0439 \u043d\u0430 \u0443\u0441\u043c\u043e\u0442\u0440\u0435\u043d\u0438\u0435 \u043a\u0430\u043f\u0438\u0442\u0430\u043d\u0430 \u043b\u043e\u0434\u043a\u0438!"}}, {"model": "tour.programm", "pk": 4, "fields": {"tour": 56, "type": null, "group_size": null, "adult_price": 1500, "child_price": 1300, "individual_price": null}}, {"model": "tour.programmtranslation", "pk": 4, "fields": {"master_id": 4, "language_code": "en", "title": "\u041f\u0445\u0438-\u041f\u0445\u0438 + \u041a\u0445\u0430\u0439 + \u0411\u0430\u043c\u0431\u0443", "duration": "1 \u0434\u0435\u043d\u044c", "description": "\u041f\u0440\u0438\u043c\u0435\u0440\u043d\u043e\u0435 \u0440\u0430\u0441\u043f\u0438\u0441\u0430\u043d\u0438\u0435 \u044d\u043a\u0441\u043a\u0443\u0440\u0441\u0438\u0438 \u043d\u0430 \u043e\u0441\u0442\u0440\u043e\u0432\u0430 \u041f\u0445\u0438-\u041f\u0445\u0438 (\u0411\u0430\u043c\u0431\u0443 + \u041a\u0445\u0430\u0439):\r\n6:00 - 6:30 - \u0412\u044b\u0435\u0437\u0434 \u0438\u0437 \u043e\u0442\u0435\u043b\u044f \u043d\u0430 \u041f\u0445\u0443\u043a\u0435\u0442\u0435\r\n7:00 - \u041f\u0440\u0438\u0431\u044b\u0442\u0438\u0435 \u043d\u0430 \u043f\u0440\u0438\u0447\u0430\u043b, \u0437\u043d\u0430\u043a\u043e\u043c\u0441\u0442\u0432\u043e \u0441 \u0433\u0438\u0434\u043e\u043c, \u043f\u0435\u0440\u0435\u0440\u044b\u0432 \u043d\u0430 \u0447\u0430\u0439, \u043a\u043e\u0444\u0435\r\n8:00 - \u041e\u0442\u043f\u0440\u0430\u0432\u043b\u0435\u043d\u0438\u0435 \u0441 \u043f\u0440\u0438\u0447\u0430\u043b\u0430 \u043a \u043e\u0441\u0442\u0440\u043e\u0432\u0430\u043c\r\n8:20 - \u041e\u0441\u0442\u0430\u043d\u043e\u0432\u043a\u0430 \u043d\u0430 \u043e\u0441\u0442\u0440\u043e\u0432\u0435 \u041a\u0445\u0430\u0439 (\u0412\u043d\u0438\u043c\u0430\u043d\u0438\u0435! \u0412\u043e\u0437\u043c\u043e\u0436\u043d\u0430 \u043e\u0442\u043c\u0435\u043d\u0430 \u043f\u043e\u0441\u0435\u0449\u0435\u043d\u0438\u044f \u0434\u0430\u043d\u043d\u043e\u0433\u043e \u043e\u0441\u0442\u0440\u043e\u0432\u0430 \u0438\u0437-\u0437\u0430 \u043f\u043e\u0433\u043e\u0434\u043d\u044b\u0445 \u0443\u0441\u043b\u043e\u0432\u0438\u0439)\r\n9:50 - \u041f\u0440\u0438\u0431\u044b\u0442\u0438\u0435 \u043d\u0430 \u043e\u0441\u0442\u0440\u043e\u0432 \u0411\u0430\u043c\u0431\u0443, \u043e\u0442\u0434\u044b\u0445 \u043d\u0430 \u043f\u043b\u044f\u0436\u0435\r\n11:00 - \u041e\u0441\u043c\u043e\u0442\u0440 \u043f\u043b\u044f\u0436\u0430 \u043e\u0431\u0435\u0437\u044c\u044f\u043d \u0432 \u0437\u0430\u043b\u0438\u0432\u0435 \u0419\u043e\u043d\u0433 \u041a\u0430\u0441\u0435\u043c\r\n11:30 - \u041e\u0431\u0435\u0434 \u043d\u0430 \u043e\u0441\u0442\u0440\u043e\u0432\u0435 \u041f\u0440\u0438-\u041f\u0445\u0438 \u0414\u043e\u043d\r\n12:30 - \u041a\u0443\u043f\u0430\u043d\u0438\u0435 \u0441 \u043c\u0430\u0441\u043a\u043e\u0439 \u0438 \u0442\u0440\u0443\u0431\u043a\u043e\u0439 \u0432\u043e\u0437\u043b\u0435 \u043e\u0441\u0442\u0440\u043e\u0432\u0430 \u041f\u0440\u0438-\u041f\u0445\u0438 \u0414\u043e\u043d\r\n13:20 - \u041e\u0441\u043c\u043e\u0442\u0440 \u043f\u0435\u0449\u0435\u0440\u044b \u0412\u0438\u043a\u0438\u043d\u0433\u043e\u0432\r\n13:40 - \u041e\u0442\u043f\u0440\u0430\u0432\u043b\u0435\u043d\u0438\u0435 \u0432 \u043b\u0430\u0433\u0443\u043d\u0443 \u041f\u0438\u043b\u0435, \u043a\u0443\u043f\u0430\u043d\u0438\u0435 \u0441 \u043c\u0430\u0441\u043a\u043e\u0439 \u0432 \u0441\u043f\u043e\u043a\u043e\u0439\u043d\u043e\u0439 \u0438\u0437\u0443\u043c\u0440\u0443\u0434\u043d\u043e\u0439 \u0432\u043e\u0434\u0435 \u0432 \u043e\u043a\u0440\u0443\u0436\u0435\u043d\u0438\u0438 \u0441\u043a\u0430\u043b\r\n14:20 - \u041f\u0440\u0438\u0431\u044b\u0442\u0438\u0435 \u043d\u0430 \u043f\u043b\u044f\u0436 \u041c\u0430\u0439\u044f \u0411\u044d\u0439, \u0433\u0434\u0435 \u043f\u0440\u043e\u0445\u043e\u0434\u0438\u043b\u0438 \u0441\u044a\u0435\u043c\u043a\u0438 \u043b\u0435\u0433\u0435\u043d\u0434\u0430\u0440\u043d\u043e\u0433\u043e \u0444\u0438\u043b\u044c\u043c\u0430 \"\u041f\u043b\u044f\u0436\" \u0441 \u041b\u0435\u043e\u043d\u0430\u0440\u0434\u043e \u0414\u0438 \u041a\u0430\u043f\u0440\u0438\u043e, \u043e\u0442\u0434\u044b\u0445 \u043d\u0430 \u043f\u043b\u044f\u0436\u0435, \u043a\u0443\u043f\u0430\u043d\u0438\u0435\r\n16:30 - \u041f\u0440\u0438\u0431\u044b\u0442\u0438\u0435 \u043a \u043f\u0440\u0438\u0447\u0430\u043b\u0443, \u043e\u0442\u043f\u0440\u0430\u0432\u043b\u0435\u043d\u0438\u0435 \u0432 \u043e\u0442\u0435\u043b\u044c\r\n\u0414\u0430\u043d\u043d\u043e\u0435 \u0440\u0430\u0441\u043f\u0438\u0441\u0430\u043d\u0438\u0435 \u044f\u0432\u043b\u044f\u0435\u0442\u0441\u044f \u043f\u0440\u0438\u043c\u0435\u0440\u043d\u044b\u043c, \u0438 \u043c\u043e\u0436\u0435\u0442 \u0438\u0437\u043c\u0435\u043d\u044f\u0442\u044c\u0441\u044f \u0438\u0437-\u0437\u0430 \u043f\u043e\u0433\u043e\u0434\u043d\u044b\u0445 \u0443\u0441\u043b\u043e\u0432\u0438\u0439 \u043d\u0430 \u0443\u0441\u043c\u043e\u0442\u0440\u0435\u043d\u0438\u0435 \u043a\u0430\u043f\u0438\u0442\u0430\u043d\u0430 \u043b\u043e\u0434\u043a\u0438!"}}, {"model": "tour.programm", "pk": 5, "fields": {"tour": 54, "type": null, "group_size": null, "adult_price": 1000, "child_price": 720, "individual_price": null}}, {"model": "tour.programmtranslation", "pk": 5, "fields": {"master_id": 5, "language_code": "en", "title": "Tour number 13", "duration": "2 days", "description": "ier h;oeir ;oefi;oeariu"}}, {"model": "tour.programm", "pk": 6, "fields": {"tour": 53, "type": null, "group_size": null, "adult_price": 120, "child_price": 80, "individual_price": null}}, {"model": "tour.programmtranslation", "pk": 6, "fields": {"master_id": 6, "language_code": "en", "title": "Tour number 10", "duration": "1 \u0434\u0435\u043d\u044c", "description": "Tour number 10Tour number 10Tour number 10Tour number 10Tour number 10Tour number 10Tour number 10Tour number 10Tour number 10"}}, {"model": "tour.programm", "pk": 7, "fields": {"tour": 51, "type": null, "group_size": null, "adult_price": 3600, "child_price": 2000, "individual_price": null}}, {"model": "tour.programmtranslation", "pk": 7, "fields": {"master_id": 7, "language_code": "en", "title": "\u0422\u0443\u0440 \u043d\u043e\u043c\u0435\u0440 18", "duration": "10 \u0434\u043d\u0435\u0439", "description": "\u041f\u0440\u043e\u0432\u043e\u0434\u0438\u043c \u0442\u043e\u043b\u044c\u043a\u043e \u043a\u0430\u0447\u0435\u0441\u0442\u0432\u0435\u043d\u043d\u044b\u0435 \u0438\u043d\u0434\u0438\u0432\u0438\u0434\u0443\u0430\u043b\u044c\u043d\u044b\u0435 \u0438 \u0433\u0440\u0443\u043f\u043f\u043e\u0432\u044b\u0435 \u044d\u043a\u0441\u043a\u0443\u0440\u0441\u0438\u0438 \u043d\u0430 \u0440\u0443\u0441\u0441\u043a\u043e\u043c \u044f\u0437\u044b\u043a\u0435.\u041f\u0440\u043e\u0432\u043e\u0434\u0438\u043c \u0442\u043e\u043b\u044c\u043a\u043e \u043a\u0430\u0447\u0435\u0441\u0442\u0432\u0435\u043d\u043d\u044b\u0435 \u0438\u043d\u0434\u0438\u0432\u0438\u0434\u0443\u0430\u043b\u044c\u043d\u044b\u0435 \u0438 \u0433\u0440\u0443\u043f\u043f\u043e\u0432\u044b\u0435 \u044d\u043a\u0441\u043a\u0443\u0440\u0441\u0438\u0438 \u043d\u0430 \u0440\u0443\u0441\u0441\u043a\u043e\u043c \u044f\u0437\u044b\u043a\u0435.\u041f\u0440\u043e\u0432\u043e\u0434\u0438\u043c \u0442\u043e\u043b\u044c\u043a\u043e \u043a\u0430\u0447\u0435\u0441\u0442\u0432\u0435\u043d\u043d\u044b\u0435 \u0438\u043d\u0434\u0438\u0432\u0438\u0434\u0443\u0430\u043b\u044c\u043d\u044b\u0435 \u0438 \u0433\u0440\u0443\u043f\u043f\u043e\u0432\u044b\u0435 \u044d\u043a\u0441\u043a\u0443\u0440\u0441\u0438\u0438 \u043d\u0430 \u0440\u0443\u0441\u0441\u043a\u043e\u043c \u044f\u0437\u044b\u043a\u0435."}}, {"model": "tour.programm", "pk": 8, "fields": {"tour": 49, "type": null, "group_size": null, "adult_price": 165, "child_price": 125, "individual_price": null}}, {"model": "tour.programmtranslation", "pk": 8, "fields": {"master_id": 8, "language_code": "en", "title": "\u0421\u0430\u043c\u044b\u0439 \u043b\u0443\u0447\u0448\u0438\u0439 \u0442\u0443\u0440 \u0432\u0435\u0437\u0434\u0435", "duration": "2 \u0447\u0430\u0441\u0430", "description": "\u041f\u0440\u043e\u0432\u043e\u0434\u0438\u043c \u0442\u043e\u043b\u044c\u043a\u043e \u043a\u0430\u0447\u0435\u0441\u0442\u0432\u0435\u043d\u043d\u044b\u0435 \u0438\u043d\u0434\u0438\u0432\u0438\u0434\u0443\u0430\u043b\u044c\u043d\u044b\u0435 \u0438 \u0433\u0440\u0443\u043f\u043f\u043e\u0432\u044b\u0435 \u044d\u043a\u0441\u043a\u0443\u0440\u0441\u0438\u0438 \u043d\u0430 \u0440\u0443\u0441\u0441\u043a\u043e\u043c \u044f\u0437\u044b\u043a\u0435.\u041f\u0440\u043e\u0432\u043e\u0434\u0438\u043c \u0442\u043e\u043b\u044c\u043a\u043e \u043a\u0430\u0447\u0435\u0441\u0442\u0432\u0435\u043d\u043d\u044b\u0435 \u0438\u043d\u0434\u0438\u0432\u0438\u0434\u0443\u0430\u043b\u044c\u043d\u044b\u0435 \u0438 \u0433\u0440\u0443\u043f\u043f\u043e\u0432\u044b\u0435 \u044d\u043a\u0441\u043a\u0443\u0440\u0441\u0438\u0438 \u043d\u0430 \u0440\u0443\u0441\u0441\u043a\u043e\u043c \u044f\u0437\u044b\u043a\u0435.\u041f\u0440\u043e\u0432\u043e\u0434\u0438\u043c \u0442\u043e\u043b\u044c\u043a\u043e \u043a\u0430\u0447\u0435\u0441\u0442\u0432\u0435\u043d\u043d\u044b\u0435 \u0438\u043d\u0434\u0438\u0432\u0438\u0434\u0443\u0430\u043b\u044c\u043d\u044b\u0435 \u0438 \u0433\u0440\u0443\u043f\u043f\u043e\u0432\u044b\u0435 \u044d\u043a\u0441\u043a\u0443\u0440\u0441\u0438\u0438 \u043d\u0430 \u0440\u0443\u0441\u0441\u043a\u043e\u043c \u044f\u0437\u044b\u043a\u0435.\u041f\u0440\u043e\u0432\u043e\u0434\u0438\u043c \u0442\u043e\u043b\u044c\u043a\u043e \u043a\u0430\u0447\u0435\u0441\u0442\u0432\u0435\u043d\u043d\u044b\u0435 \u0438\u043d\u0434\u0438\u0432\u0438\u0434\u0443\u0430\u043b\u044c\u043d\u044b\u0435 \u0438 \u0433\u0440\u0443\u043f\u043f\u043e\u0432\u044b\u0435 \u044d\u043a\u0441\u043a\u0443\u0440\u0441\u0438\u0438 \u043d\u0430 \u0440\u0443\u0441\u0441\u043a\u043e\u043c \u044f\u0437\u044b\u043a\u0435.\u041f\u0440\u043e\u0432\u043e\u0434\u0438\u043c \u0442\u043e\u043b\u044c\u043a\u043e \u043a\u0430\u0447\u0435\u0441\u0442\u0432\u0435\u043d\u043d\u044b\u0435 \u0438\u043d\u0434\u0438\u0432\u0438\u0434\u0443\u0430\u043b\u044c\u043d\u044b\u0435 \u0438 \u0433\u0440\u0443\u043f\u043f\u043e\u0432\u044b\u0435 \u044d\u043a\u0441\u043a\u0443\u0440\u0441\u0438\u0438 \u043d\u0430 \u0440\u0443\u0441\u0441\u043a\u043e\u043c \u044f\u0437\u044b\u043a\u0435.\u041f\u0440\u043e\u0432\u043e\u0434\u0438\u043c \u0442\u043e\u043b\u044c\u043a\u043e \u043a\u0430\u0447\u0435\u0441\u0442\u0432\u0435\u043d\u043d\u044b\u0435 \u0438\u043d\u0434\u0438\u0432\u0438\u0434\u0443\u0430\u043b\u044c\u043d\u044b\u0435 \u0438 \u0433\u0440\u0443\u043f\u043f\u043e\u0432\u044b\u0435 \u044d\u043a\u0441\u043a\u0443\u0440\u0441\u0438\u0438 \u043d\u0430 \u0440\u0443\u0441\u0441\u043a\u043e\u043c \u044f\u0437\u044b\u043a\u0435.\u041f\u0440\u043e\u0432\u043e\u0434\u0438\u043c \u0442\u043e\u043b\u044c\u043a\u043e \u043a\u0430\u0447\u0435\u0441\u0442\u0432\u0435\u043d\u043d\u044b\u0435 \u0438\u043d\u0434\u0438\u0432\u0438\u0434\u0443\u0430\u043b\u044c\u043d\u044b\u0435 \u0438 \u0433\u0440\u0443\u043f\u043f\u043e\u0432\u044b\u0435 \u044d\u043a\u0441\u043a\u0443\u0440\u0441\u0438\u0438 \u043d\u0430 \u0440\u0443\u0441\u0441\u043a\u043e\u043c \u044f\u0437\u044b\u043a\u0435.\u041f\u0440\u043e\u0432\u043e\u0434\u0438\u043c \u0442\u043e\u043b\u044c\u043a\u043e \u043a\u0430\u0447\u0435\u0441\u0442\u0432\u0435\u043d\u043d\u044b\u0435 \u0438\u043d\u0434\u0438\u0432\u0438\u0434\u0443\u0430\u043b\u044c\u043d\u044b\u0435 \u0438 \u0433\u0440\u0443\u043f\u043f\u043e\u0432\u044b\u0435 \u044d\u043a\u0441\u043a\u0443\u0440\u0441\u0438\u0438 \u043d\u0430 \u0440\u0443\u0441\u0441\u043a\u043e\u043c \u044f\u0437\u044b\u043a\u0435.\u041f\u0440\u043e\u0432\u043e\u0434\u0438\u043c \u0442\u043e\u043b\u044c\u043a\u043e \u043a\u0430\u0447\u0435\u0441\u0442\u0432\u0435\u043d\u043d\u044b\u0435 \u0438\u043d\u0434\u0438\u0432\u0438\u0434\u0443\u0430\u043b\u044c\u043d\u044b\u0435 \u0438 \u0433\u0440\u0443\u043f\u043f\u043e\u0432\u044b\u0435 \u044d\u043a\u0441\u043a\u0443\u0440\u0441\u0438\u0438 \u043d\u0430 \u0440\u0443\u0441\u0441\u043a\u043e\u043c \u044f\u0437\u044b\u043a\u0435."}}, {"model": "tour.programm", "pk": 9, "fields": {"tour": 49, "type": null, "group_size": null, "adult_price": 200, "child_price": 170, "individual_price": null}}, {"model": "tour.programmtranslation", "pk": 9, "fields": {"master_id": 9, "language_code": "en", "title": "\u0414\u043b\u044f \u0435\u0432\u0440\u043e\u043f\u0435\u0439\u0441\u043a\u0438\u0445 \u0447\u0435\u0440\u0442\u0435\u0439", "duration": "5 \u0447\u0430\u0441\u043e\u0432", "description": ""}}, {"model": "tour.programm", "pk": 10, "fields": {"tour": 47, "type": null, "group_size": null, "adult_price": 2300, "child_price": 1900, "individual_price": null}}, {"model": "tour.programmtranslation", "pk": 10, "fields": {"master_id": 10, "language_code": "en", "title": "\u0422\u0443\u0441\u043e\u0432\u043a\u0430 \u0432 \u0411\u0430\u043d\u0433\u043a\u043e\u043a\u0435", "duration": "1 \u0447\u0430\u0441", "description": "\u041f\u0440\u043e\u0432\u043e\u0434\u0438\u043c \u0442\u043e\u043b\u044c\u043a\u043e \u043a\u0430\u0447\u0435\u0441\u0442\u0432\u0435\u043d\u043d\u044b\u0435 \u0438\u043d\u0434\u0438\u0432\u0438\u0434\u0443\u0430\u043b\u044c\u043d\u044b\u0435 \u0438 \u0433\u0440\u0443\u043f\u043f\u043e\u0432\u044b\u0435 \u044d\u043a\u0441\u043a\u0443\u0440\u0441\u0438\u0438 \u043d\u0430 \u0440\u0443\u0441\u0441\u043a\u043e\u043c \u044f\u0437\u044b\u043a\u0435.\u041f\u0440\u043e\u0432\u043e\u0434\u0438\u043c \u0442\u043e\u043b\u044c\u043a\u043e \u043a\u0430\u0447\u0435\u0441\u0442\u0432\u0435\u043d\u043d\u044b\u0435 \u0438\u043d\u0434\u0438\u0432\u0438\u0434\u0443\u0430\u043b\u044c\u043d\u044b\u0435 \u0438 \u0433\u0440\u0443\u043f\u043f\u043e\u0432\u044b\u0435 \u044d\u043a\u0441\u043a\u0443\u0440\u0441\u0438\u0438 \u043d\u0430 \u0440\u0443\u0441\u0441\u043a\u043e\u043c \u044f\u0437\u044b\u043a\u0435."}}, {"model": "tour.programm", "pk": 11, "fields": {"tour": 43, "type": null, "group_size": null, "adult_price": 5100, "child_price": 4900, "individual_price": null}}, {"model": "tour.programmtranslation", "pk": 11, "fields": {"master_id": 11, "language_code": "en", "title": "Bangkok the best travel place", "duration": "1 day", "description": "\u041f\u0440\u043e\u0432\u043e\u0434\u0438\u043c \u0442\u043e\u043b\u044c\u043a\u043e \u043a\u0430\u0447\u0435\u0441\u0442\u0432\u0435\u043d\u043d\u044b\u0435 \u0438\u043d\u0434\u0438\u0432\u0438\u0434\u0443\u0430\u043b\u044c\u043d\u044b\u0435 \u0438 \u0433\u0440\u0443\u043f\u043f\u043e\u0432\u044b\u0435 \u044d\u043a\u0441\u043a\u0443\u0440\u0441\u0438\u0438 \u043d\u0430 \u0440\u0443\u0441\u0441\u043a\u043e\u043c \u044f\u0437\u044b\u043a\u0435.\u041f\u0440\u043e\u0432\u043e\u0434\u0438\u043c \u0442\u043e\u043b\u044c\u043a\u043e \u043a\u0430\u0447\u0435\u0441\u0442\u0432\u0435\u043d\u043d\u044b\u0435 \u0438\u043d\u0434\u0438\u0432\u0438\u0434\u0443\u0430\u043b\u044c\u043d\u044b\u0435 \u0438 \u0433\u0440\u0443\u043f\u043f\u043e\u0432\u044b\u0435 \u044d\u043a\u0441\u043a\u0443\u0440\u0441\u0438\u0438 \u043d\u0430 \u0440\u0443\u0441\u0441\u043a\u043e\u043c \u044f\u0437\u044b\u043a\u0435.\u041f\u0440\u043e\u0432\u043e\u0434\u0438\u043c \u0442\u043e\u043b\u044c\u043a\u043e \u043a\u0430\u0447\u0435\u0441\u0442\u0432\u0435\u043d\u043d\u044b\u0435 \u0438\u043d\u0434\u0438\u0432\u0438\u0434\u0443\u0430\u043b\u044c\u043d\u044b\u0435 \u0438 \u0433\u0440\u0443\u043f\u043f\u043e\u0432\u044b\u0435 \u044d\u043a\u0441\u043a\u0443\u0440\u0441\u0438\u0438 \u043d\u0430 \u0440\u0443\u0441\u0441\u043a\u043e\u043c \u044f\u0437\u044b\u043a\u0435.\u041f\u0440\u043e\u0432\u043e\u0434\u0438\u043c \u0442\u043e\u043b\u044c\u043a\u043e \u043a\u0430\u0447\u0435\u0441\u0442\u0432\u0435\u043d\u043d\u044b\u0435 \u0438\u043d\u0434\u0438\u0432\u0438\u0434\u0443\u0430\u043b\u044c\u043d\u044b\u0435 \u0438 \u0433\u0440\u0443\u043f\u043f\u043e\u0432\u044b\u0435 \u044d\u043a\u0441\u043a\u0443\u0440\u0441\u0438\u0438 \u043d\u0430 \u0440\u0443\u0441\u0441\u043a\u043e\u043c \u044f\u0437\u044b\u043a\u0435."}}, {"model": "tour.programm", "pk": 12, "fields": {"tour": 57, "type": null, "group_size": null, "adult_price": 1300, "child_price": 1000, "individual_price": null}}, {"model": "tour.programmtranslation", "pk": 12, "fields": {"master_id": 12, "language_code": "en", "title": "\u0420\u0430\u0447\u0430 \u043a\u043e\u0440\u0430\u043b\u043b \u041c\u0430\u0439\u0442\u043e\u043d", "duration": "1 \u0434\u0435\u043d\u044c", "description": "08:30 - 09:30 \u0442\u0440\u0430\u043d\u0441\u0444\u0435\u0440 \u0438\u0437 \u043e\u0442\u0435\u043b\u0435\u0439 \u043d\u0430 \u041f\u0445\u0443\u043a\u0435\u0442\u0435 (\u0443\u0442\u043e\u0447\u043d\u044f\u0439\u0442\u0435 \u0432\u0440\u0435\u043c\u044f \u043e\u0442\u043f\u0440\u0430\u0432\u043b\u0435\u043d\u0438\u044f \u0438\u0437 \u0432\u0430\u0448\u0435\u0433\u043e \u043e\u0442\u0435\u043b\u044f \u043f\u0440\u0438 \u0437\u0430\u043a\u0430\u0437\u0435)\r\n\r\n10:00 - \u043e\u0442\u043f\u0440\u0430\u0432\u043b\u0435\u043d\u0438\u0435 \u043d\u0430 \u0441\u043f\u0438\u0434\u0431\u043e\u0442\u0435 \u0441 \u043f\u0438\u0440\u0441\u0430 Chalong \u043a \u043e\u0441\u0442\u0440\u043e\u0432\u0443 \u041c\u0430\u0439\u0442\u043e\u043d \u0434\u043b\u044f \u0441\u043d\u043e\u0440\u043a\u043b\u0438\u043d\u0433\u0430\r\n\r\n11:30 - \u043f\u0440\u0438\u0431\u044b\u0442\u0438\u0435 \u043d\u0430 \u043e\u0441\u0442\u0440\u043e\u0432 \u041a\u043e\u0440\u0430\u043b, \u043e\u0442\u0434\u044b\u0445 \u043d\u0430 \u043f\u043b\u044f\u0436\u0435, \u043a\u0443\u043f\u0430\u043d\u0438\u0435, \u043e\u0431\u0435\u0434\r\n\r\n13:30 - \u043e\u0441\u0442\u0440\u043e\u0432 \u0420\u0430\u0447\u0430, \u0441\u0432\u043e\u0431\u043e\u0434\u043d\u043e\u0435 \u0432\u0440\u0435\u043c\u044f \u043d\u0430 \u043f\u043b\u044f\u0436\u0435 \u0441 \u0431\u0435\u043b\u044b\u043c \u043f\u0435\u0441\u043a\u043e\u043c, \u043e\u0442\u0434\u044b\u0445, \u043a\u0443\u043f\u0430\u043d\u0438\u0435\r\n\r\n15:30 - \u0441\u043d\u043e\u0440\u043a\u043b\u0438\u043d\u0433 \u043e\u043a\u043e\u043b\u043e \u043e\u0441\u0442\u0440\u043e\u0432 \u0420\u0430\u0447\u0430\r\n\r\n16:30 - \u043e\u0442\u043f\u0440\u0430\u0432\u043b\u0435\u043d\u0438\u0435 \u0432 \u043f\u043e\u0440\u0442 Chalong\r\n\r\n17:00 - \u043f\u0440\u0438\u0431\u044b\u0442\u0438\u0435 \u0432 \u043f\u043e\u0440\u0442, \u0442\u0440\u0430\u043d\u0441\u0444\u0435\u0440 \u0432 \u043e\u0442\u0435\u043b\u044c\r\n\r\n\u0414\u0430\u043d\u043d\u043e\u0435 \u0440\u0430\u0441\u043f\u0438\u0441\u0430\u043d\u0438\u0435 \u044f\u0432\u043b\u044f\u0435\u0442\u0441\u044f \u043f\u0440\u0438\u043c\u0435\u0440\u043d\u044b\u043c, \u0438 \u043c\u043e\u0436\u0435\u0442 \u0438\u0437\u043c\u0435\u043d\u044f\u0442\u044c\u0441\u044f \u0438\u0437-\u0437\u0430 \u043f\u043e\u0433\u043e\u0434\u043d\u044b\u0445 \u0443\u0441\u043b\u043e\u0432\u0438\u0439 \u043d\u0430 \u0443\u0441\u043c\u043e\u0442\u0440\u0435\u043d\u0438\u0435 \u043a\u0430\u043f\u0438\u0442\u0430\u043d\u0430 \u043b\u043e\u0434\u043a\u0438!"}}, {"model": "tour.programm", "pk": 13, "fields": {"tour": 10, "type": null, "group_size": null, "adult_price": 300, "child_price": 210, "individual_price": null}}, {"model": "tour.programmtranslation", "pk": 13, "fields": {"master_id": 13, "language_code": "en", "title": "The best from the west", "duration": "1 day", "description": "\u0422\u0440\u0430\u043d\u0441\u043b\u0438\u0442 URL \u043f\u043e \u043f\u0440\u0430\u0432\u0438\u043b\u0430\u043c \u042f\u043d\u0434\u0435\u043a\u0441\u0430 \u0433\u0430\u0440\u0430\u043d\u0442\u0438\u0440\u0443\u0435\u0442 \u0443\u043b\u0443\u0447\u0448\u0435\u043d\u0438\u0435 \u0440\u0430\u043d\u0436\u0438\u0440\u043e\u0432\u0430\u043d\u0438\u044f \u0441\u0430\u0439\u0442\u0430 \u0438 \u043f\u043e\u0432\u044b\u0448\u0435\u043d\u0438\u0435 \u043f\u043e\u0437\u0438\u0446\u0438\u0438 \u0432 \u043f\u043e\u0438\u0441\u043a\u043e\u0432\u043e\u0439 \u0432\u044b\u0434\u0430\u0447\u0435. \u0414\u043b\u044f \u0441\u043e\u0437\u0434\u0430\u043d\u0438\u044f SEO \u0427\u041f\u0423 \u0441\u0442\u0440\u0430\u043d\u0438\u0446... \u0427\u0438\u0442\u0422\u0440\u0430\u043d\u0441\u043b\u0438\u0442 URL \u043f\u043e \u043f\u0440\u0430\u0432\u0438\u043b\u0430\u043c \u042f\u043d\u0434\u0435\u043a\u0441\u0430 \u0433\u0430\u0440\u0430\u043d\u0442\u0438\u0440\u0443\u0435\u0442 \u0443\u043b\u0443\u0447\u0448\u0435\u043d\u0438\u0435 \u0440\u0430\u043d\u0436\u0438\u0440\u043e\u0432\u0430\u043d\u0438\u044f \u0441\u0430\u0439\u0442\u0430 \u0438 \u043f\u043e\u0432\u044b\u0448\u0435\u043d\u0438\u0435 \u043f\u043e\u0437\u0438\u0446\u0438\u0438 \u0432 \u043f\u043e\u0438\u0441\u043a\u043e\u0432\u043e\u0439 \u0432\u044b\u0434\u0430\u0447\u0435. \u0414\u043b\u044f \u0441\u043e\u0437\u0434\u0430\u043d\u0438\u044f SEO \u0427\u041f\u0423 \u0441\u0442\u0440\u0430\u043d\u0438\u0446... \u0427\u0438\u0442\u0422\u0440\u0430\u043d\u0441\u043b\u0438\u0442 URL \u043f\u043e \u043f\u0440\u0430\u0432\u0438\u043b\u0430\u043c \u042f\u043d\u0434\u0435\u043a\u0441\u0430 \u0433\u0430\u0440\u0430\u043d\u0442\u0438\u0440\u0443\u0435\u0442 \u0443\u043b\u0443\u0447\u0448\u0435\u043d\u0438\u0435 \u0440\u0430\u043d\u0436\u0438\u0440\u043e\u0432\u0430\u043d\u0438\u044f \u0441\u0430\u0439\u0442\u0430 \u0438 \u043f\u043e\u0432\u044b\u0448\u0435\u043d\u0438\u0435 \u043f\u043e\u0437\u0438\u0446\u0438\u0438 \u0432 \u043f\u043e\u0438\u0441\u043a\u043e\u0432\u043e\u0439 \u0432\u044b\u0434\u0430\u0447\u0435. \u0414\u043b\u044f \u0441\u043e\u0437\u0434\u0430\u043d\u0438\u044f SEO \u0427\u041f\u0423 \u0441\u0442\u0440\u0430\u043d\u0438\u0446... \u0427\u0438\u0442"}}, {"model": "tour.programm", "pk": 14, "fields": {"tour": 9, "type": null, "group_size": null, "adult_price": 1750, "child_price": 1480, "individual_price": null}}, {"model": "tour.programmtranslation", "pk": 14, "fields": {"master_id": 14, "language_code": "en", "title": "\u0414\u043e\u0448\u043b\u044b\u0439 \u0442\u0443\u0440 \u043d\u0430 \u0432\u0441\u0435\u0445", "duration": "2 \u0434\u043d\u044f", "description": ""}}, {"model": "tour.transfer", "pk": 1, "fields": {}}, {"model": "tour.transfertranslation", "pk": 1, "fields": {"master_id": 1, "language_code": "en", "name": "\u041c\u0438\u043a\u0440\u043e\u0430\u0432\u0442\u043e\u0431\u0443\u0441"}}, {"model": "tour.transfer", "pk": 2, "fields": {}}, {"model": "tour.transfertranslation", "pk": 2, "fields": {"master_id": 2, "language_code": "en", "name": "\u0421\u043a\u043e\u0440\u043e\u0441\u0442\u043d\u043e\u0439 \u043a\u0430\u0442\u0435\u0440"}}, {"model": "tour.transfer", "pk": 3, "fields": {}}, {"model": "tour.transfertranslation", "pk": 3, "fields": {"master_id": 3, "language_code": "en", "name": "\u0420\u044b\u0431\u0430\u0446\u043a\u0430\u044f \u043b\u043e\u0434\u043a\u0430"}}, {"model": "tour.transfer", "pk": 4, "fields": {}}, {"model": "tour.transfertranslation", "pk": 4, "fields": {"master_id": 4, "language_code": "en", "name": "\u0421\u043a\u0443\u0442\u0435\u0440"}}, {"model": "tour.transfer", "pk": 5, "fields": {}}, {"model": "tour.transfertranslation", "pk": 5, "fields": {"master_id": 5, "language_code": "en", "name": "\u042f\u0445\u0442\u0430"}}, {"model": "tour.notincluded", "pk": 1, "fields": {}}, {"model": "tour.notincludedtranslation", "pk": 1, "fields": {"master_id": 1, "language_code": "en", "name": "\u0421\u0443\u0432\u0435\u043d\u0438\u0440\u044b"}}, {"model": "tour.notincluded", "pk": 2, "fields": {}}, {"model": "tour.notincludedtranslation", "pk": 2, "fields": {"master_id": 2, "language_code": "en", "name": "\u041b\u0438\u0447\u043d\u044b\u0435 \u043f\u043e\u043a\u0443\u043f\u043a\u0438"}}, {"model": "tour.notincluded", "pk": 3, "fields": {}}, {"model": "tour.notincludedtranslation", "pk": 3, "fields": {"master_id": 3, "language_code": "en", "name": "\u0422\u0440\u0430\u043d\u0441\u0444\u0435\u0440 \u0438\u0437 \u0434\u0430\u043b\u044c\u043d\u0438\u0445 \u0440\u0430\u0439\u043e\u043d\u043e\u0432"}}, {"model": "tour.notincluded", "pk": 4, "fields": {}}, {"model": "tour.notincludedtranslation", "pk": 4, "fields": {"master_id": 4, "language_code": "en", "name": "\u0424\u043e\u0442\u043e, \u0432\u0438\u0434\u0435\u043e \u0441\u044a\u0435\u043c\u043a\u0430"}}, {"model": "tour.included", "pk": 1, "fields": {}}, {"model": "tour.includedtranslation", "pk": 1, "fields": {"master_id": 1, "language_code": "en", "name": "\u041e\u0431\u0435\u0434"}}, {"model": "tour.included", "pk": 2, "fields": {}}, {"model": "tour.includedtranslation", "pk": 2, "fields": {"master_id": 2, "language_code": "en", "name": "\u041c\u0430\u0441\u043a\u0438 \u0438 \u0442\u0440\u0443\u0431\u043a\u0438"}}, {"model": "tour.included", "pk": 3, "fields": {}}, {"model": "tour.includedtranslation", "pk": 3, "fields": {"master_id": 3, "language_code": "en", "name": "\u0422\u0440\u0430\u043d\u0441\u0444\u0435\u0440 \u0438\u0437 \u043e\u0442\u0435\u043b\u044f"}}, {"model": "tour.included", "pk": 4, "fields": {}}, {"model": "tour.includedtranslation", "pk": 4, "fields": {"master_id": 4, "language_code": "en", "name": "\u0420\u0443\u0441\u0441\u043a\u0438\u0439 \u0433\u0438\u0434"}}, {"model": "tour.included", "pk": 5, "fields": {}}, {"model": "tour.includedtranslation", "pk": 5, "fields": {"master_id": 5, "language_code": "en", "name": "\u0417\u0430\u0432\u0442\u0440\u0430\u043a"}}, {"model": "tour.take", "pk": 1, "fields": {}}, {"model": "tour.taketranslation", "pk": 1, "fields": {"master_id": 1, "language_code": "en", "name": "\u0414\u0435\u043d\u044c\u0433\u0438 \u043d\u0430 \u043b\u0438\u0447\u043d\u044b\u0435 \u0440\u0430\u0441\u0445\u043e\u0434\u044b"}}, {"model": "tour.take", "pk": 2, "fields": {}}, {"model": "tour.taketranslation", "pk": 2, "fields": {"master_id": 2, "language_code": "en", "name": "\u0421\u043e\u043b\u043d\u0446\u0435\u0437\u0430\u0449\u0438\u0442\u043d\u044b\u0439 \u043a\u0440\u0435\u043c"}}, {"model": "tour.take", "pk": 3, "fields": {}}, {"model": "tour.taketranslation", "pk": 3, "fields": {"master_id": 3, "language_code": "en", "name": "\u041f\u043e\u043b\u043e\u0442\u0435\u043d\u0446\u0435"}}, {"model": "tour.take", "pk": 4, "fields": {}}, {"model": "tour.taketranslation", "pk": 4, "fields": {"master_id": 4, "language_code": "en", "name": "\u041a\u0443\u043f\u0430\u043b\u044c\u043d\u0438\u043a"}}, {"model": "tour.take", "pk": 5, "fields": {}}, {"model": "tour.taketranslation", "pk": 5, "fields": {"master_id": 5, "language_code": "en", "name": "\u0428\u043b\u044f\u043f\u0443"}}, {"model": "tour.take", "pk": 6, "fields": {}}, {"model": "tour.taketranslation", "pk": 6, "fields": {"master_id": 6, "language_code": "en", "name": "\u0421\u043e\u043b\u043d\u0446\u0435\u0437\u0430\u0449\u0438\u0442\u043d\u044b\u0435 \u043e\u0447\u043a\u0438"}}, {"model": "tour.take", "pk": 7, "fields": {}}, {"model": "tour.taketranslation", "pk": 7, "fields": {"master_id": 7, "language_code": "en", "name": "\u0421\u043c\u0435\u043d\u043d\u0443\u044e \u043e\u0434\u0435\u0436\u0434\u0443"}}, {"model": "tour.tagtour", "pk": 1, "fields": {"slug": "dlya-detej", "active_image": "photos/tag/active/baby-active_LBAL9NW.png", "inactive_image": "photos/tag/inactive/baby_CY45LLI.jpg"}}, {"model": "tour.tagtourtranslation", "pk": 1, "fields": {"master_id": 1, "language_code": "en", "tag": "\u0414\u043b\u044f \u0434\u0435\u0442\u0435\u0439"}}, {"model": "tour.tagtour", "pk": 2, "fields": {"slug": "snorkling", "active_image": "photos/tag/active/snorkel-active_c4LKGlh.png", "inactive_image": "photos/tag/inactive/snorkel-2_ItNTWrR.jpg"}}, {"model": "tour.tagtourtranslation", "pk": 2, "fields": {"master_id": 2, "language_code": "en", "tag": "\u0421\u043d\u043e\u0440\u043a\u043b\u0438\u043d\u0433"}}, {"model": "tour.tagtour", "pk": 3, "fields": {"slug": "slony", "active_image": "photos/tag/active/elephant-active_a5BD6N2.png", "inactive_image": "photos/tag/inactive/elephant-2_vb8Hwdh.jpg"}}, {"model": "tour.tagtourtranslation", "pk": 3, "fields": {"master_id": 3, "language_code": "en", "tag": "\u0421\u043b\u043e\u043d\u044b"}}, {"model": "tour.tagtour", "pk": 4, "fields": {"slug": "dlya-beremennyh", "active_image": "photos/tag/active/pregnant-woman-active_irb88UE.png", "inactive_image": "photos/tag/inactive/pregnant-woman_le8bzjR.jpg"}}, {"model": "tour.tagtourtranslation", "pk": 4, "fields": {"master_id": 4, "language_code": "en", "tag": "\u0414\u043b\u044f \u0431\u0435\u0440\u0435\u043c\u0435\u043d\u043d\u044b\u0445"}}, {"model": "tour.tagtour", "pk": 5, "fields": {"slug": "pol-dnya", "active_image": "photos/tag/active/day-and-night-active_QfYQ2Fg.png", "inactive_image": "photos/tag/inactive/day-and-night_GKzLiXe.jpg"}}, {"model": "tour.tagtourtranslation", "pk": 5, "fields": {"master_id": 5, "language_code": "en", "tag": "\u041f\u043e\u043b \u0434\u043d\u044f"}}, {"model": "tour.tagtour", "pk": 6, "fields": {"slug": "kanoe", "active_image": "photos/tag/active/canoe-active_LZedLE8.png", "inactive_image": "photos/tag/inactive/canoe_UoHqcm1.jpg"}}, {"model": "tour.tagtourtranslation", "pk": 6, "fields": {"master_id": 6, "language_code": "en", "tag": "\u041a\u0430\u043d\u043e\u0435"}}, {"model": "tour.tagtour", "pk": 7, "fields": {"slug": "rybalka", "active_image": "photos/tag/active/fishing-active.png", "inactive_image": "photos/tag/inactive/fishing-2.jpg"}}, {"model": "tour.tagtourtranslation", "pk": 7, "fields": {"master_id": 7, "language_code": "en", "tag": "\u0420\u044b\u0431\u0430\u043b\u043a\u0430"}}, {"model": "tour.langtour", "pk": 1, "fields": {"slug": "russian", "photo": ""}}, {"model": "tour.langtourtranslation", "pk": 1, "fields": {"master_id": 1, "language_code": "en", "name": "\u0420\u0443\u0441\u0441\u043a\u0438\u0439"}}, {"model": "tour.langtour", "pk": 2, "fields": {"slug": "english", "photo": ""}}, {"model": "tour.langtourtranslation", "pk": 2, "fields": {"master_id": 2, "language_code": "en", "name": "English"}}, {"model": "tour.langtour", "pk": 3, "fields": {"slug": "kr", "photo": ""}}, {"model": "tour.langtourtranslation", "pk": 3, "fields": {"master_id": 3, "language_code": "en", "name": "Korean"}}, {"model": "tour.photo", "pk": 1, "fields": {"tour": 56, "image": "tour_photos/city_1/tour_\u041e\u0441\u0442\u0440\u043e\u0432\u0430 \u041f\u0445\u0438-\u041f\u0445\u0438 \u044d\u043a\u0441\u043a\u0443\u0440\u0441\u0438\u044f/ferries-phuket-to-phi-phi.jpg"}}, {"model": "tour.photo", "pk": 2, "fields": {"tour": 56, "image": "tour_photos/city_1/tour_\u041e\u0441\u0442\u0440\u043e\u0432\u0430 \u041f\u0445\u0438-\u041f\u0445\u0438 \u044d\u043a\u0441\u043a\u0443\u0440\u0441\u0438\u044f/phi-phi-speed-boat.jpg"}}, {"model": "tour.photo", "pk": 3, "fields": {"tour": 56, "image": "tour_photos/city_1/tour_\u041e\u0441\u0442\u0440\u043e\u0432\u0430 \u041f\u0445\u0438-\u041f\u0445\u0438 \u044d\u043a\u0441\u043a\u0443\u0440\u0441\u0438\u044f/Phi-Phi.jpg"}}, {"model": "tour.photo", "pk": 4, "fields": {"tour": 3, "image": "tour_photos/city_1/tour_\u0417\u0430\u0442\u043e \u0441\u0443\u0441\u0442\u0430\u0432 \u043f\u043e\u0437\u0434\u0440\u0430\u0432\u043b\u044f\u0442\u044c \u043f\u0435\u0440\u0435\u0434\u043e \u044f\u0433\u043e\u0434\u0430 \u0441\u043c\u0435\u043b\u044b\u0439./IMG_7764.jpeg"}}, {"model": "tour.photo", "pk": 5, "fields": {"tour": 57, "image": "tour_photos/city_1/tour_\u041a\u043e\u0440\u0430\u043b + \u0420\u0430\u0447\u0430 + \u041c\u0430\u0439\u0442\u043e\u043d/mai-ton.jpg"}}, {"model": "tour.photo", "pk": 6, "fields": {"tour": 57, "image": "tour_photos/city_1/tour_\u041a\u043e\u0440\u0430\u043b + \u0420\u0430\u0447\u0430 + \u041c\u0430\u0439\u0442\u043e\u043d/fantasea_phuket.jpeg"}}, {"model": "tour.photo", "pk": 7, "fields": {"tour": 57, "image": "tour_photos/city_1/tour_\u041a\u043e\u0440\u0430\u043b + \u0420\u0430\u0447\u0430 + \u041c\u0430\u0439\u0442\u043e\u043d/IMG_2702.JPG"}}, {"model": "tour.photo", "pk": 8, "fields": {"tour": 9, "image": "tour_photos/city_1/tour_\u0414\u043e\u0448\u043b\u044b\u0439 \u043f\u043e\u0440\u043e\u0434\u0430 \u0441\u0435\u0440\u044c\u0435\u0437\u043d\u044b\u0439 \u0437\u0430\u0440\u043f\u043b\u0430\u0442\u0430 \u0443\u043f\u043e\u0440 \u0436\u0438\u0442\u044c./20657-8666501.jpg"}}, {"model": "tour.photo", "pk": 9, "fields": {"tour": 9, "image": "tour_photos/city_1/tour_\u0414\u043e\u0448\u043b\u044b\u0439 \u043f\u043e\u0440\u043e\u0434\u0430 \u0441\u0435\u0440\u044c\u0435\u0437\u043d\u044b\u0439 \u0437\u0430\u0440\u043f\u043b\u0430\u0442\u0430 \u0443\u043f\u043e\u0440 \u0436\u0438\u0442\u044c./\u0411\u0430\u0448\u043d\u0438-\u041f\u043e\u043d\u0430\u0433\u0430\u0440-min.jpg"}}, {"model": "tour.faq", "pk": 1, "fields": {}}, {"model": "tour.faqtranslation", "pk": 1, "fields": {"master_id": 1, "language_code": "en", "question": "\u041e\u0442\u043c\u0435\u043d\u044f\u044e\u0442 \u043b\u0438 \u044d\u043a\u0441\u043a\u0443\u0440\u0441\u0438\u0438 \u0432 \u0434\u043e\u0436\u0434\u044c?", "answer": "\u041f\u0440\u043e\u0441\u0442\u043e \u0434\u043e\u0436\u0434\u044c \u043d\u0435 \u043f\u0440\u0438\u0447\u0438\u043d\u0430 \u0434\u043b\u044f \u043e\u0442\u043c\u0435\u043d\u044b \u044d\u043a\u0441\u043a\u0443\u0440\u0441\u0438\u0439, \u043e\u0442\u043c\u0435\u043d\u0430 \u044d\u043a\u0441\u043a\u0443\u0440\u0441\u0438\u0438 \u043f\u0440\u043e\u0438\u0441\u0445\u043e\u0434\u0438\u0442 \u0442\u043e\u043b\u044c\u043a\u043e \u043a\u043e\u0433\u0434\u0430 \u0435\u0441\u0442\u044c \u043f\u0440\u0435\u0434\u0443\u043f\u0440\u0435\u0436\u0434\u0435\u043d\u0438\u0435 \u043e \u0448\u0442\u043e\u0440\u043c\u0435, \u043e\u043d\u043e \u043c\u043e\u0436\u0435\u0442 \u0431\u044b\u0442\u044c \u0432 \u043b\u044e\u0431\u043e\u0435 \u0432\u0440\u0435\u043c\u044f: \u0437\u0430 \u0434\u0435\u043d\u044c \u0434\u043e \u044d\u043a\u0441\u043a\u0443\u0440\u0441\u0438\u0438, \u0432 \u0434\u0435\u043d\u044c \u044d\u043a\u0441\u043a\u0443\u0440\u0441\u0438\u0438 \u0438\u043b\u0438 \u0434\u0430\u0436\u0435 \u043a\u043e\u0433\u0434\u0430 \u0432\u044b \u0443\u0436\u0435 \u0442\u0440\u043e\u043d\u0443\u043b\u0438\u0441\u044c \u0441 \u043f\u043e\u0440\u0442\u0430 \u043d\u0430 \u043a\u0430\u0442\u0435\u0440\u0435, \u044d\u0442\u043e \u043a\u0430\u0441\u0430\u0435\u0442\u0441\u044f \u0442\u043e\u043b\u044c\u043a\u043e \u043c\u043e\u0440\u0441\u043a\u0438\u0445 \u044d\u043a\u0441\u043a\u0443\u0440\u0441\u0438\u0439. \u0412 \u0442\u0430\u043a\u043e\u043c \u0441\u043b\u0443\u0447\u0430\u0435 \u043c\u044b \u0432\u043e\u0437\u0432\u0440\u0430\u0449\u0430\u0435\u043c \u0434\u0435\u043f\u043e\u0437\u0438\u0442 \u043f\u043e\u043b\u043d\u043e\u0441\u0442\u044c\u044e \u0431\u0435\u0437 \u043a\u0430\u043a\u043e\u0433\u043e \u043b\u0438\u0431\u043e \u0443\u0434\u0435\u0440\u0436\u0430\u043d\u0438\u044f, \u0438\u043b\u0438 \u043f\u0435\u0440\u0435\u043d\u043e\u0441\u0438\u043c \u044d\u043a\u0441\u043a\u0443\u0440\u0441\u0438\u044e \u043d\u0430 \u0443\u0434\u043e\u0431\u043d\u0443\u044e \u0432\u0430\u043c \u0434\u0430\u0442\u0443."}}, {"model": "tour.faq", "pk": 2, "fields": {}}, {"model": "tour.faqtranslation", "pk": 2, "fields": {"master_id": 2, "language_code": "en", "question": "\u041e\u0442\u043a\u0443\u0434\u0430 \u0437\u0430\u0431\u0438\u0440\u0430\u044e\u0442 \u043d\u0430 \u044d\u043a\u0441\u043a\u0443\u0440\u0441\u0438\u0438?", "answer": "\u041d\u0430 \u0432\u0441\u0435 \u044d\u043a\u0441\u043a\u0443\u0440\u0441\u0438\u0438 \u0432\u0430\u0441 \u0437\u0430\u0431\u0438\u0440\u0430\u044e\u0442 \u0438\u0437 \u0432\u0430\u0448\u0435\u0433\u043e \u043e\u0442\u0435\u043b\u044f, \u0438\u043b\u0438 \u0441 \u043c\u0435\u0441\u0442\u0430 \u0432\u0430\u0448\u0435\u0433\u043e \u043f\u0440\u043e\u0436\u0438\u0432\u0430\u043d\u0438\u044f. \u041d\u043e \u0441 \u0434\u0430\u043b\u044c\u043d\u0438\u0445 \u0440\u0430\u0439\u043e\u043d\u043e\u0432 \u0431\u044b\u0432\u0430\u0435\u0442 \u0434\u043e\u043f\u043b\u0430\u0442\u0430 \u0437\u0430 \u0442\u0440\u0430\u043d\u0441\u0444\u0435\u0440!!!"}}, {"model": "tour.faq", "pk": 3, "fields": {}}, {"model": "tour.faqtranslation", "pk": 3, "fields": {"master_id": 3, "language_code": "en", "question": "\u041f\u043e \u043a\u0430\u043a\u0438\u043c \u0434\u043d\u044f\u043c \u043f\u0440\u043e\u0445\u043e\u0434\u044f\u0442 \u044d\u043a\u0441\u043a\u0443\u0440\u0441\u0438\u0438?", "answer": "\u0412\u0441\u0435 \u044d\u043a\u0441\u043a\u0443\u0440\u0441\u0438\u0438 \u043f\u0440\u043e\u0432\u043e\u0434\u044f\u0442\u0441\u044f \u0435\u0436\u0435\u0434\u043d\u0435\u0432\u043d\u043e, \u043d\u043e \u0435\u0441\u0442\u044c \u0438\u0441\u043a\u043b\u044e\u0447\u0435\u043d\u0438\u044f, \u043e\u0431 \u044d\u0442\u043e\u043c \u043c\u043e\u0436\u043d\u043e \u0443\u0437\u043d\u0430\u0442\u044c \u0432 \u043e\u043f\u0438\u0441\u0430\u043d\u0438\u0438 \u044d\u043a\u0441\u043a\u0443\u0440\u0441\u0438\u0438 \u0438\u043b\u0438 \u0441\u0432\u044f\u0437\u0430\u0442\u044c\u0441\u044f \u0434\u043b\u044f \u0443\u0442\u043e\u0447\u043d\u0435\u043d\u0438\u044f \u0441 \u043d\u0430\u0448\u0435\u0439 \u043f\u043e\u0434\u0434\u0435\u0440\u0436\u043a\u043e\u0439!"}}, {"model": "tour.wishlist", "pk": 1, "fields": {"user": 3, "tour": 1}}, {"model": "tour.wishlist", "pk": 2, "fields": {"user": 3, "tour": 3}}, {"model": "tour.wishlist", "pk": 3, "fields": {"user": 3, "tour": 11}}, {"model": "tour.wishlist", "pk": 4, "fields": {"user": 3, "tour": 6}}, {"model": "tour.order", "pk": 10, "fields": {"user": 1, "email": "etvyvuh@mail.ru", "phone": "34534546456", "tour": 57, "program": 12, "transfer": 0, "deposit": 0, "discount": "0.00", "cash_on_tour": 0, "quantity_adults": 1, "quantity_children": 1, "quantity_infant": 1, "trip_date": "2024-06-24", "created_at": "2024-06-15T06:24:47.440Z", "updated_at": "2024-06-16T05:17:23.870Z", "order_number": "TP160620241"}}, {"model": "tour.ordertranslation", "pk": 10, "fields": {"master_id": 10, "language_code": "en", "full_name": "Niko", "hotel": "Lorem ipsu,", "room_number": "54", "pickup_time": "", "text": ""}}, {"model": "tour.order", "pk": 11, "fields": {"user": 1, "email": "5tvy@mail.ru", "phone": "23455335", "tour": 50, "program": 14, "transfer": 0, "deposit": 0, "discount": "0.00", "cash_on_tour": 0, "quantity_adults": 3, "quantity_children": 1, "quantity_infant": 1, "trip_date": "2024-06-28", "created_at": "2024-06-16T05:18:56.005Z", "updated_at": "2024-06-16T05:21:11.147Z", "order_number": "CB160620241"}}, {"model": "tour.ordertranslation", "pk": 11, "fields": {"master_id": 11, "language_code": "en", "full_name": "w5yv5y", "hotel": "retyvvty", "room_number": "6", "pickup_time": "", "text": ""}}, {"model": "tour.reviews", "pk": 1, "fields": {"user": 3, "tour": 1, "rating": 3, "created_date": "2024-05-11T23:38:00Z"}}, {"model": "tour.reviewstranslation", "pk": 1, "fields": {"master_id": 1, "language_code": "en", "text": "etettvge"}}, {"model": "tour.reviews", "pk": 2, "fields": {"user": 1, "tour": 17, "rating": 4, "created_date": "2024-05-11T23:57:00Z"}}, {"model": "tour.reviewstranslation", "pk": 2, "fields": {"master_id": 2, "language_code": "en", "text": "Huiknyz vash tours"}}, {"model": "tour.reviews", "pk": 3, "fields": {"user": 3, "tour": 17, "rating": 4, "created_date": "2024-05-11T23:57:00Z"}}, {"model": "tour.reviewstranslation", "pk": 3, "fields": {"master_id": 3, "language_code": "en", "text": "q3recwaertcsrvyhb"}}, {"model": "tour.reviews", "pk": 4, "fields": {"user": 1, "tour": 17, "rating": 4, "created_date": "2024-05-11T23:57:00Z"}}, {"model": "tour.reviewstranslation", "pk": 4, "fields": {"master_id": 4, "language_code": "en", "text": "Huiknyz vash tours"}}, {"model": "tour.reviews", "pk": 5, "fields": {"user": 1, "tour": 17, "rating": 4, "created_date": "2024-05-11T23:57:00Z"}}, {"model": "tour.reviewstranslation", "pk": 5, "fields": {"master_id": 5, "language_code": "en", "text": "Huiknyz vash tours"}}, {"model": "tour.reviews", "pk": 6, "fields": {"user": 2, "tour": 1, "rating": 2, "created_date": "2024-05-11T23:59:00Z"}}, {"model": "tour.reviewstranslation", "pk": 6, "fields": {"master_id": 6, "language_code": "en", "text": "q3recwaertcsrvyhb"}}, {"model": "tour.reviews", "pk": 7, "fields": {"user": 3, "tour": 2, "rating": 2, "created_date": "2024-05-12T00:25:00Z"}}, {"model": "tour.reviewstranslation", "pk": 7, "fields": {"master_id": 7, "language_code": "en", "text": "\u041f\u0440\u043e\u0432\u0435\u0440\u043a\u0430 \u0441\u0432\u044f\u0437\u0438"}}, {"model": "tour.reviews", "pk": 8, "fields": {"user": 3, "tour": 2, "rating": 3, "created_date": "2024-05-12T00:29:00Z"}}, {"model": "tour.reviewstranslation", "pk": 8, "fields": {"master_id": 8, "language_code": "en", "text": "q3recwaertcsrvyhb"}}, {"model": "tour.reviews", "pk": 9, "fields": {"user": 3, "tour": 2, "rating": 2, "created_date": "2024-05-12T00:25:00Z"}}, {"model": "tour.reviewstranslation", "pk": 9, "fields": {"master_id": 9, "language_code": "en", "text": "\u041f\u0440\u043e\u0432\u0435\u0440\u043a\u0430 \u0441\u0432\u044f\u0437\u0438"}}, {"model": "tour.reviews", "pk": 10, "fields": {"user": 1, "tour": 2, "rating": 1, "created_date": "2024-05-12T00:39:00Z"}}, {"model": "tour.reviewstranslation", "pk": 10, "fields": {"master_id": 10, "language_code": "en", "text": "\u0430"}}, {"model": "tour.reviews", "pk": 11, "fields": {"user": 1, "tour": 1, "rating": 1, "created_date": "2024-05-16T00:11:00Z"}}, {"model": "tour.reviewstranslation", "pk": 11, "fields": {"master_id": 11, "language_code": "en", "text": "\u041f\u043e\u043b\u043d\u0430\u044f \u0445\u0443\u0439\u043d\u044f"}}, {"model": "tour.reviews", "pk": 12, "fields": {"user": 2, "tour": 3, "rating": 3, "created_date": "2024-05-12T00:00:00Z"}}, {"model": "tour.reviewstranslation", "pk": 12, "fields": {"master_id": 12, "language_code": "en", "text": "Test reviews now"}}, {"model": "tour.reviews", "pk": 13, "fields": {"user": 1, "tour": 2, "rating": 1, "created_date": "2024-07-27T10:24:00Z"}}, {"model": "tour.reviewstranslation", "pk": 13, "fields": {"master_id": 13, "language_code": "en", "text": "Test text the best from the west"}}, {"model": "tour.needhelp", "pk": 1, "fields": {"user": 3, "full_name": "Anton", "email": "antom@mail.ru", "phone": "+18973459090", "tour": 2, "text": "\u0421 \u043d\u0430\u0441\u0442\u0443\u043f\u043b\u0435\u043d\u0438\u0435\u043c \u0442\u0435\u043c\u043d\u043e\u0442\u044b \u0433\u043e\u0440\u043e\u0434 \u043d\u0430 \u041d\u0435\u0432\u0435 \u0441\u0442\u0430\u043d\u043e\u0432\u0438\u0442\u0441\u044f \u0435\u0449\u0451 \u0431\u043e\u043b\u0435\u0435 \u0440\u043e\u043c\u0430\u043d\u0442\u0438\u0447\u043d\u044b\u043c. \u0414\u0430\u0432\u0430\u0439\u0442\u0435 \u043e\u0442\u043f\u0440\u0430\u0432\u0438\u043c\u0441\u044f \u043d\u0430 \u043f\u0440\u043e\u0433\u0443\u043b\u043a\u0443 \u043f\u043e \u0432\u043e\u043b\u043d\u0430\u043c \u0432 \u0441\u043e\u043f\u0440\u043e\u0432\u043e\u0436\u0434\u0435\u043d\u0438\u0438 \u0438\u0433\u0440\u044b \u043d\u0430 \u0441\u0430\u043a\u0441\u043e\u0444\u043e\u043d\u0435! \u041b\u044e\u0431\u0438\u043c\u044b\u0435 \u043c\u0435\u043b\u043e\u0434\u0438\u0438 \u0438 \u0430\u0432\u0442\u043e\u0440\u0441\u043a\u0438\u0435 \u0438\u043c\u043f\u0440\u043e\u0432\u0438\u0437\u0430\u0446\u0438\u0438 \u0441\u0442\u0430\u043d\u0443\u0442 \u043f\u0440\u0435\u043a\u0440\u0430\u0441\u043d\u044b\u043c \u0430\u043a\u043a\u043e\u043c\u043f\u0430\u043d\u0435\u043c\u0435\u043d\u0442\u043e\u043c \u043a \u043e\u043a\u0440\u0443\u0436\u0430\u044e\u0449\u0438\u043c \u0432\u0430\u0441 \u0434\u0435\u043a\u043e\u0440\u0430\u0446\u0438\u044f\u043c \u2014 \u0441\u0442\u0440\u043e\u0433\u0438\u043c \u043d\u0430\u0431\u0435\u0440\u0435\u0436\u043d\u044b\u043c \u043f\u0430\u0440\u0430\u0434\u043d\u043e\u0433\u043e \u041f\u0435\u0442\u0435\u0440\u0431\u0443\u0440\u0433\u0430, \u0438 \u0432\u044b \u043f\u0440\u043e\u0432\u0435\u0434\u0451\u0442\u0435 \u043d\u0435\u0437\u0430\u0431\u044b\u0432\u0430\u0435\u043c\u044b\u0439 \u0432\u0435\u0447\u0435\u0440 \u0441 \u0441\u0430\u043c\u044b\u043c\u0438 \u0431\u043b\u0438\u0437\u043a\u0438\u043c\u0438 \u0432 \u0441\u0435\u0437\u043e\u043d \u0431\u0435\u043b\u044b\u0445 \u043d\u043e\u0447\u0435\u0439.  @ \u0418\u0441\u0442\u043e\u0447\u043d\u0438\u043a: https://www.sputnik8.com/ru/st-petersburg/activities/44132-dzhaz-nad-nochnoy-nevoy-pod-razvodnymi-mostami"}}, {"model": "tour.needhelp", "pk": 2, "fields": {"user": 3, "full_name": "Anton", "email": "antom@mail.ru", "phone": "+18973459090", "tour": 2, "text": "\u0421 \u043d\u0430\u0441\u0442\u0443\u043f\u043b\u0435\u043d\u0438\u0435\u043c \u0442\u0435\u043c\u043d\u043e\u0442\u044b \u0433\u043e\u0440\u043e\u0434 \u043d\u0430 \u041d\u0435\u0432\u0435 \u0441\u0442\u0430\u043d\u043e\u0432\u0438\u0442\u0441\u044f \u0435\u0449\u0451 \u0431\u043e\u043b\u0435\u0435 \u0440\u043e\u043c\u0430\u043d\u0442\u0438\u0447\u043d\u044b\u043c. \u0414\u0430\u0432\u0430\u0439\u0442\u0435 \u043e\u0442\u043f\u0440\u0430\u0432\u0438\u043c\u0441\u044f \u043d\u0430 \u043f\u0440\u043e\u0433\u0443\u043b\u043a\u0443 \u043f\u043e \u0432\u043e\u043b\u043d\u0430\u043c \u0432 \u0441\u043e\u043f\u0440\u043e\u0432\u043e\u0436\u0434\u0435\u043d\u0438\u0438 \u0438\u0433\u0440\u044b \u043d\u0430 \u0441\u0430\u043a\u0441\u043e\u0444\u043e\u043d\u0435! \u041b\u044e\u0431\u0438\u043c\u044b\u0435 \u043c\u0435\u043b\u043e\u0434\u0438\u0438 \u0438 \u0430\u0432\u0442\u043e\u0440\u0441\u043a\u0438\u0435 \u0438\u043c\u043f\u0440\u043e\u0432\u0438\u0437\u0430\u0446\u0438\u0438 \u0441\u0442\u0430\u043d\u0443\u0442 \u043f\u0440\u0435\u043a\u0440\u0430\u0441\u043d\u044b\u043c \u0430\u043a\u043a\u043e\u043c\u043f\u0430\u043d\u0435\u043c\u0435\u043d\u0442\u043e\u043c \u043a \u043e\u043a\u0440\u0443\u0436\u0430\u044e\u0449\u0438\u043c \u0432\u0430\u0441 \u0434\u0435\u043a\u043e\u0440\u0430\u0446\u0438\u044f\u043c \u2014 \u0441\u0442\u0440\u043e\u0433\u0438\u043c \u043d\u0430\u0431\u0435\u0440\u0435\u0436\u043d\u044b\u043c \u043f\u0430\u0440\u0430\u0434\u043d\u043e\u0433\u043e \u041f\u0435\u0442\u0435\u0440\u0431\u0443\u0440\u0433\u0430, \u0438 \u0432\u044b \u043f\u0440\u043e\u0432\u0435\u0434\u0451\u0442\u0435 \u043d\u0435\u0437\u0430\u0431\u044b\u0432\u0430\u0435\u043c\u044b\u0439 \u0432\u0435\u0447\u0435\u0440 \u0441 \u0441\u0430\u043c\u044b\u043c\u0438 \u0431\u043b\u0438\u0437\u043a\u0438\u043c\u0438 \u0432 \u0441\u0435\u0437\u043e\u043d \u0431\u0435\u043b\u044b\u0445 \u043d\u043e\u0447\u0435\u0439.  @ \u0418\u0441\u0442\u043e\u0447\u043d\u0438\u043a: https://www.sputnik8.com/ru/st-petersburg/activities/44132-dzhaz-nad-nochnoy-nevoy-pod-razvodnymi-mostami"}}, {"model": "tour.needhelp", "pk": 3, "fields": {"user": 3, "full_name": "Anton", "email": "antom@mail.ru", "phone": "+18973459090", "tour": 2, "text": "\u0421 \u043d\u0430\u0441\u0442\u0443\u043f\u043b\u0435\u043d\u0438\u0435\u043c \u0442\u0435\u043c\u043d\u043e\u0442\u044b \u0433\u043e\u0440\u043e\u0434 \u043d\u0430 \u041d\u0435\u0432\u0435 \u0441\u0442\u0430\u043d\u043e\u0432\u0438\u0442\u0441\u044f \u0435\u0449\u0451 \u0431\u043e\u043b\u0435\u0435 \u0440\u043e\u043c\u0430\u043d\u0442\u0438\u0447\u043d\u044b\u043c. \u0414\u0430\u0432\u0430\u0439\u0442\u0435 \u043e\u0442\u043f\u0440\u0430\u0432\u0438\u043c\u0441\u044f \u043d\u0430 \u043f\u0440\u043e\u0433\u0443\u043b\u043a\u0443 \u043f\u043e \u0432\u043e\u043b\u043d\u0430\u043c \u0432 \u0441\u043e\u043f\u0440\u043e\u0432\u043e\u0436\u0434\u0435\u043d\u0438\u0438 \u0438\u0433\u0440\u044b \u043d\u0430 \u0441\u0430\u043a\u0441\u043e\u0444\u043e\u043d\u0435! \u041b\u044e\u0431\u0438\u043c\u044b\u0435 \u043c\u0435\u043b\u043e\u0434\u0438\u0438 \u0438 \u0430\u0432\u0442\u043e\u0440\u0441\u043a\u0438\u0435 \u0438\u043c\u043f\u0440\u043e\u0432\u0438\u0437\u0430\u0446\u0438\u0438 \u0441\u0442\u0430\u043d\u0443\u0442 \u043f\u0440\u0435\u043a\u0440\u0430\u0441\u043d\u044b\u043c \u0430\u043a\u043a\u043e\u043c\u043f\u0430\u043d\u0435\u043c\u0435\u043d\u0442\u043e\u043c \u043a \u043e\u043a\u0440\u0443\u0436\u0430\u044e\u0449\u0438\u043c \u0432\u0430\u0441 \u0434\u0435\u043a\u043e\u0440\u0430\u0446\u0438\u044f\u043c \u2014 \u0441\u0442\u0440\u043e\u0433\u0438\u043c \u043d\u0430\u0431\u0435\u0440\u0435\u0436\u043d\u044b\u043c \u043f\u0430\u0440\u0430\u0434\u043d\u043e\u0433\u043e \u041f\u0435\u0442\u0435\u0440\u0431\u0443\u0440\u0433\u0430, \u0438 \u0432\u044b \u043f\u0440\u043e\u0432\u0435\u0434\u0451\u0442\u0435 \u043d\u0435\u0437\u0430\u0431\u044b\u0432\u0430\u0435\u043c\u044b\u0439 \u0432\u0435\u0447\u0435\u0440 \u0441 \u0441\u0430\u043c\u044b\u043c\u0438 \u0431\u043b\u0438\u0437\u043a\u0438\u043c\u0438 \u0432 \u0441\u0435\u0437\u043e\u043d \u0431\u0435\u043b\u044b\u0445 \u043d\u043e\u0447\u0435\u0439.  @ \u0418\u0441\u0442\u043e\u0447\u043d\u0438\u043a: https://www.sputnik8.com/ru/st-petersburg/activities/44132-dzhaz-nad-nochnoy-nevoy-pod-razvodnymi-mostami"}}, {"model": "tour.needhelp", "pk": 4, "fields": {"user": 3, "full_name": "Anton Boss", "email": "antom@mail.ru", "phone": "+18973459090", "tour": 2, "text": "\u0412\u0441\u044f \u043c\u0430\u0433\u0438\u044f \u0432 \u043b\u0438\u0447\u043d\u043e\u043c \u043e\u0431\u0449\u0435\u043d\u0438\u0438. \u041c\u044b \u043d\u0430\u0445\u043e\u0434\u0438\u043c \u043b\u0443\u0447\u0448\u0438\u0445 \u0433\u0438\u0434\u043e\u0432, \u0434\u043b\u044f \u043a\u043e\u0442\u043e\u0440\u044b\u0445 \u0443\u0432\u043b\u0435\u043a\u0430\u0442\u044c \u2014 \u044d\u0442\u043e \u043f\u0440\u0438\u0437\u0432\u0430\u043d\u0438\u0435!\u0412\u0441\u044f \u043c\u0430\u0433\u0438\u044f \u0432 \u043b\u0438\u0447\u043d\u043e\u043c \u043e\u0431\u0449\u0435\u043d\u0438\u0438. \u041c\u044b \u043d\u0430\u0445\u043e\u0434\u0438\u043c \u043b\u0443\u0447\u0448\u0438\u0445 \u0433\u0438\u0434\u043e\u0432, \u0434\u043b\u044f \u043a\u043e\u0442\u043e\u0440\u044b\u0445 \u0443\u0432\u043b\u0435\u043a\u0430\u0442\u044c \u2014 \u044d\u0442\u043e \u043f\u0440\u0438\u0437\u0432\u0430\u043d\u0438\u0435!\u0412\u0441\u044f \u043c\u0430\u0433\u0438\u044f \u0432 \u043b\u0438\u0447\u043d\u043e\u043c \u043e\u0431\u0449\u0435\u043d\u0438\u0438. \u041c\u044b \u043d\u0430\u0445\u043e\u0434\u0438\u043c \u043b\u0443\u0447\u0448\u0438\u0445 \u0433\u0438\u0434\u043e\u0432, \u0434\u043b\u044f \u043a\u043e\u0442\u043e\u0440\u044b\u0445 \u0443\u0432\u043b\u0435\u043a\u0430\u0442\u044c \u2014 \u044d\u0442\u043e \u043f\u0440\u0438\u0437\u0432\u0430\u043d\u0438\u0435!\u0412\u0441\u044f \u043c\u0430\u0433\u0438\u044f \u0432 \u043b\u0438\u0447\u043d\u043e\u043c \u043e\u0431\u0449\u0435\u043d\u0438\u0438. \u041c\u044b \u043d\u0430\u0445\u043e\u0434\u0438\u043c \u043b\u0443\u0447\u0448\u0438\u0445 \u0433\u0438\u0434\u043e\u0432, \u0434\u043b\u044f \u043a\u043e\u0442\u043e\u0440\u044b\u0445 \u0443\u0432\u043b\u0435\u043a\u0430\u0442\u044c \u2014 \u044d\u0442\u043e \u043f\u0440\u0438\u0437\u0432\u0430\u043d\u0438\u0435!\u0412\u0441\u044f \u043c\u0430\u0433\u0438\u044f \u0432 \u043b\u0438\u0447\u043d\u043e\u043c \u043e\u0431\u0449\u0435\u043d\u0438\u0438. \u041c\u044b \u043d\u0430\u0445\u043e\u0434\u0438\u043c \u043b\u0443\u0447\u0448\u0438\u0445 \u0433\u0438\u0434\u043e\u0432, \u0434\u043b\u044f \u043a\u043e\u0442\u043e\u0440\u044b\u0445 \u0443\u0432\u043b\u0435\u043a\u0430\u0442\u044c \u2014 \u044d\u0442\u043e \u043f\u0440\u0438\u0437\u0432\u0430\u043d\u0438\u0435!"}}, {"model": "tour.needhelp", "pk": 5, "fields": {"user": 1, "full_name": "secefr", "email": "qe@mail.ru", "phone": "3498594857", "tour": 1, "text": "\u0412\u0441\u044f \u043c\u0430\u0433\u0438\u044f \u0432 \u043b\u0438\u0447\u043d\u043e\u043c \u043e\u0431\u0449\u0435\u043d\u0438\u0438. \u041c\u044b \u043d\u0430\u0445\u043e\u0434\u0438\u043c \u043b\u0443\u0447\u0448\u0438\u0445 \u0433\u0438\u0434\u043e\u0432, \u0434\u043b\u044f \u043a\u043e\u0442\u043e\u0440\u044b\u0445 \u0443\u0432\u043b\u0435\u043a\u0430\u0442\u044c \u2014 \u044d\u0442\u043e \u043f\u0440\u0438\u0437\u0432\u0430\u043d\u0438\u0435!\u0412\u0441\u044f \u043c\u0430\u0433\u0438\u044f \u0432 \u043b\u0438\u0447\u043d\u043e\u043c \u043e\u0431\u0449\u0435\u043d\u0438\u0438. \u041c\u044b \u043d\u0430\u0445\u043e\u0434\u0438\u043c \u043b\u0443\u0447\u0448\u0438\u0445 \u0433\u0438\u0434\u043e\u0432, \u0434\u043b\u044f \u043a\u043e\u0442\u043e\u0440\u044b\u0445 \u0443\u0432\u043b\u0435\u043a\u0430\u0442\u044c \u2014 \u044d\u0442\u043e \u043f\u0440\u0438\u0437\u0432\u0430\u043d\u0438\u0435!\u0412\u0441\u044f \u043c\u0430\u0433\u0438\u044f \u0432 \u043b\u0438\u0447\u043d\u043e\u043c \u043e\u0431\u0449\u0435\u043d\u0438\u0438. \u041c\u044b \u043d\u0430\u0445\u043e\u0434\u0438\u043c \u043b\u0443\u0447\u0448\u0438\u0445 \u0433\u0438\u0434\u043e\u0432, \u0434\u043b\u044f \u043a\u043e\u0442\u043e\u0440\u044b\u0445 \u0443\u0432\u043b\u0435\u043a\u0430\u0442\u044c \u2014 \u044d\u0442\u043e \u043f\u0440\u0438\u0437\u0432\u0430\u043d\u0438\u0435!"}}, {"model": "tour.needhelp", "pk": 6, "fields": {"user": 1, "full_name": "secefr", "email": "qe@mail.ru", "phone": "3498594857", "tour": 1, "text": "\u0412\u0441\u044f \u043c\u0430\u0433\u0438\u044f \u0432 \u043b\u0438\u0447\u043d\u043e\u043c \u043e\u0431\u0449\u0435\u043d\u0438\u0438. \u041c\u044b \u043d\u0430\u0445\u043e\u0434\u0438\u043c \u043b\u0443\u0447\u0448\u0438\u0445 \u0433\u0438\u0434\u043e\u0432, \u0434\u043b\u044f \u043a\u043e\u0442\u043e\u0440\u044b\u0445 \u0443\u0432\u043b\u0435\u043a\u0430\u0442\u044c \u2014 \u044d\u0442\u043e \u043f\u0440\u0438\u0437\u0432\u0430\u043d\u0438\u0435!\u0412\u0441\u044f \u043c\u0430\u0433\u0438\u044f \u0432 \u043b\u0438\u0447\u043d\u043e\u043c \u043e\u0431\u0449\u0435\u043d\u0438\u0438. \u041c\u044b \u043d\u0430\u0445\u043e\u0434\u0438\u043c \u043b\u0443\u0447\u0448\u0438\u0445 \u0433\u0438\u0434\u043e\u0432, \u0434\u043b\u044f \u043a\u043e\u0442\u043e\u0440\u044b\u0445 \u0443\u0432\u043b\u0435\u043a\u0430\u0442\u044c \u2014 \u044d\u0442\u043e \u043f\u0440\u0438\u0437\u0432\u0430\u043d\u0438\u0435!\u0412\u0441\u044f \u043c\u0430\u0433\u0438\u044f \u0432 \u043b\u0438\u0447\u043d\u043e\u043c \u043e\u0431\u0449\u0435\u043d\u0438\u0438. \u041c\u044b \u043d\u0430\u0445\u043e\u0434\u0438\u043c \u043b\u0443\u0447\u0448\u0438\u0445 \u0433\u0438\u0434\u043e\u0432, \u0434\u043b\u044f \u043a\u043e\u0442\u043e\u0440\u044b\u0445 \u0443\u0432\u043b\u0435\u043a\u0430\u0442\u044c \u2014 \u044d\u0442\u043e \u043f\u0440\u0438\u0437\u0432\u0430\u043d\u0438\u0435!"}}, {"model": "tour.needhelp", "pk": 7, "fields": {"user": 1, "full_name": "\u041d\u0438\u043a\u043e\u043b\u0430\u0439", "email": "nikola@mail.ru", "phone": "+19004560303", "tour": 1, "text": "\u0412\u0441\u044f \u043c\u0430\u0433\u0438\u044f \u0432 \u043b\u0438\u0447\u043d\u043e\u043c \u043e\u0431\u0449\u0435\u043d\u0438\u0438. \u041c\u044b \u043d\u0430\u0445\u043e\u0434\u0438\u043c \u043b\u0443\u0447\u0448\u0438\u0445 \u0433\u0438\u0434\u043e\u0432, \u0434\u043b\u044f \u043a\u043e\u0442\u043e\u0440\u044b\u0445 \u0443\u0432\u043b\u0435\u043a\u0430\u0442\u044c \u2014 \u044d\u0442\u043e \u043f\u0440\u0438\u0437\u0432\u0430\u043d\u0438\u0435!\u0412\u0441\u044f \u043c\u0430\u0433\u0438\u044f \u0432 \u043b\u0438\u0447\u043d\u043e\u043c \u043e\u0431\u0449\u0435\u043d\u0438\u0438. \u041c\u044b \u043d\u0430\u0445\u043e\u0434\u0438\u043c \u043b\u0443\u0447\u0448\u0438\u0445 \u0433\u0438\u0434\u043e\u0432, \u0434\u043b\u044f \u043a\u043e\u0442\u043e\u0440\u044b\u0445 \u0443\u0432\u043b\u0435\u043a\u0430\u0442\u044c \u2014 \u044d\u0442\u043e \u043f\u0440\u0438\u0437\u0432\u0430\u043d\u0438\u0435!\u0412\u0441\u044f \u043c\u0430\u0433\u0438\u044f \u0432 \u043b\u0438\u0447\u043d\u043e\u043c \u043e\u0431\u0449\u0435\u043d\u0438\u0438. \u041c\u044b \u043d\u0430\u0445\u043e\u0434\u0438\u043c \u043b\u0443\u0447\u0448\u0438\u0445 \u0433\u0438\u0434\u043e\u0432, \u0434\u043b\u044f \u043a\u043e\u0442\u043e\u0440\u044b\u0445 \u0443\u0432\u043b\u0435\u043a\u0430\u0442\u044c \u2014 \u044d\u0442\u043e \u043f\u0440\u0438\u0437\u0432\u0430\u043d\u0438\u0435!"}}, {"model": "tour.needhelp", "pk": 8, "fields": {"user": 1, "full_name": "Nikol;ay", "email": "taest@gmasil.com", "phone": "+14938579457", "tour": 1, "text": "kseufnyeafymros8gu;"}}, {"model": "tour.needhelp", "pk": 9, "fields": {"user": null, "full_name": "Denis", "email": "Test@mail.ru", "phone": "+138945785697", "tour": 1, "text": "wlrtcnalr8wy5p98y7p9twc"}}, {"model": "tour.needhelp", "pk": 10, "fields": {"user": null, "full_name": "Denis", "email": "Test@mail.ru", "phone": "+138945785697", "tour": 1, "text": "wlrtcnalr8wy5p98y7p9twc"}}, {"model": "tour.needhelp", "pk": 11, "fields": {"user": null, "full_name": "Aslan", "email": "as@mail.ru", "phone": "+185745068705687", "tour": null, "text": "Now everithwepirumv/;eiu"}}, {"model": "tour.needhelp", "pk": 12, "fields": {"user": null, "full_name": "Aslan", "email": "as@mail.ru", "phone": "+185745068705687", "tour": null, "text": "Now everithwepirumv/;eiu"}}, {"model": "tour.needhelp", "pk": 13, "fields": {"user": null, "full_name": "Aslan", "email": "as@mail.ru", "phone": "+185745068705687", "tour": null, "text": "Now everithwepirumv/;eiu"}}, {"model": "country.country", "pk": 1, "fields": {"slug": "tailand", "currency_prefix": "\u0e3f", "photo": ""}}, {"model": "country.countrytranslation", "pk": 1, "fields": {"master_id": 1, "language_code": "en", "title": "\u042d\u043a\u0441\u043a\u0443\u0440\u0441\u0438\u0438 \u0432 \u0422\u0430\u0438\u043b\u0430\u043d\u0434\u0435", "name": "\u0422\u0430\u0438\u043b\u0430\u043d\u0434", "meta_desc": "", "meta_keywords": "\u042d\u043a\u0441\u043a\u0443\u0440\u0441\u0438\u0438 \u0432 \u0422\u0430\u0438\u043b\u0430\u043d\u0434\u0435, \u0442\u0430\u0438\u043b\u0430\u043d\u0434 \u044d\u043a\u0441\u043a\u0443\u0440\u0441\u0438\u0438", "description": ""}}, {"model": "country.country", "pk": 2, "fields": {"slug": "chernogoriya", "currency_prefix": "\u20ac", "photo": ""}}, {"model": "country.countrytranslation", "pk": 2, "fields": {"master_id": 2, "language_code": "en", "title": "\u042d\u043a\u0441\u043a\u0443\u0440\u0441\u0438\u0438 \u0432 \u0427\u0435\u0440\u043d\u043e\u0433\u043e\u0440\u0438\u0438", "name": "\u0427\u0435\u0440\u043d\u043e\u0433\u043e\u0440\u0438\u044f", "meta_desc": "", "meta_keywords": "\u042d\u043a\u0441\u043a\u0443\u0440\u0441\u0438\u0438 \u0432 \u0427\u0435\u0440\u043d\u043e\u0433\u043e\u0440\u0438\u0438, \u044d\u043a\u0441\u043a\u0443\u0440\u0441\u0438\u0438 \u0432 \u0431\u0443\u0434\u0432\u0435", "description": ""}}, {"model": "city.city", "pk": 1, "fields": {"country": 1, "slug": "phuket", "photo": "photos/city/phuket-island-tours.jpg", "is_published": 0}}, {"model": "city.citytranslation", "pk": 1, "fields": {"master_id": 1, "language_code": "en", "title": "\u042d\u043a\u0441\u043a\u0443\u0440\u0441\u0438\u0438 \u043d\u0430 \u041f\u0445\u0443\u043a\u0435\u0442\u0435", "meta_desc": "", "meta_keywords": "\u042d\u043a\u0441\u043a\u0443\u0440\u0441\u0438\u0438 \u043d\u0430 \u041f\u0445\u0443\u043a\u0435\u0442\u0435, \u043f\u0445\u0443\u043a\u0435\u0442 \u044d\u043a\u0441\u043a\u0443\u0440\u0441\u0438\u0438", "name": "\u041f\u0445\u0443\u043a\u0435\u0442", "description": "\u041e\u043f\u0438\u0441\u0430\u043d\u0438\u0435"}}, {"model": "city.city", "pk": 2, "fields": {"country": 2, "slug": "budva", "photo": "photos/city/sveti-stefan-photo.jpg", "is_published": 0}}, {"model": "city.citytranslation", "pk": 2, "fields": {"master_id": 2, "language_code": "en", "title": "\u042d\u043a\u0441\u043a\u0443\u0440\u0441\u0438\u0438 \u0432 \u0411\u0443\u0434\u0432\u0435", "meta_desc": "\u042d\u043a\u0441\u043a\u0443\u0440\u0441\u0438\u0438 \u0432 \u0431\u0443\u0434\u0432\u0435 \u0441\u0435\u0439\u0447\u0430\u0441 \u0441\u0443\u043a\u0430", "meta_keywords": null, "name": "\u0411\u0443\u0434\u0432\u0430", "description": ""}}, {"model": "city.city", "pk": 3, "fields": {"country": 1, "slug": "bangkok", "photo": "photos/city/gettrip_bangkok.jpg", "is_published": 0}}, {"model": "city.citytranslation", "pk": 3, "fields": {"master_id": 3, "language_code": "en", "title": "\u042d\u043a\u0441\u043a\u0443\u0440\u0441\u0438\u0438 \u0432 \u0431\u0430\u043d\u0433\u043a\u043e\u043a\u0435", "meta_desc": "\u042d\u043a\u0441\u043a\u0443\u0440\u0441\u0438\u0438 \u0432 \u0431\u0430\u043d\u0433\u043a\u043e\u043a\u0435 \u044d\u0442\u043e \u043c\u0435\u0442\u0430 \u0434\u0435\u0441\u043a\u0440\u0438\u043f\u0448\u043d", "meta_keywords": "\u042d\u043a\u0441\u043a\u0443\u0440\u0441\u0438\u0438 \u0432 \u0431\u0430\u043d\u0433\u043a\u043e\u043a\u0435", "name": "\u0411\u0430\u043d\u0433\u043a\u043e\u043a", "description": "\u042d\u043a\u0441\u043a\u0443\u0440\u0441\u0438\u0438 \u0432 \u0431\u0430\u043d\u0433\u043a\u043e\u043a\u0435 \u044d\u0442\u043e \u043f\u0440\u043e\u0441\u0442\u043e \u043e\u043f\u0438\u0441\u0430\u043d\u0438\u0435"}}, {"model": "users.user", "pk": 1, "fields": {"password": "pbkdf2_sha256$720000$PBG7RO9KblWlpQDxraDcl6$CUJuAyxAqkwnWGKLm+7edAIiGNxk3mkqba044SoO+IM=", "last_login": "2024-07-09T15:53:21.968Z", "is_superuser": true, "is_active": true, "date_joined": "2024-05-07T03:04:27Z", "username": "NikolayPuh", "email": "nikolaypuh@gmail.com", "photo": "users/avatar/2016-07-25_09-20-26-removebg-preview.png", "first_name": "Nikolay", "last_name": "Puh", "age": 43, "email_verification_code": null, "is_staff": true, "phone": null, "country": null, "city": null, "groups": [], "user_permissions": []}}, {"model": "users.user", "pk": 2, "fields": {"password": "pbkdf2_sha256$720000$RbszqJiONRrkrdh7YVk9K1$4QcKX2VXLUj0hSmJgOiIl4Afc09zYIat5GqecRRV50I=", "last_login": "2024-05-16T05:16:43.998Z", "is_superuser": false, "is_active": true, "date_joined": "2024-05-07T16:14:28.684Z", "username": "VasiaFed", "email": "test@main.ru", "photo": "users/avatar/AlbedoBase_XL_Always_use_this_face_httpswwwinstagramcompC0Do4i_0_eRzAPtr.jpg", "first_name": "Vasia", "last_name": "Fed", "age": null, "email_verification_code": null, "is_staff": false, "phone": null, "country": null, "city": null, "groups": [], "user_permissions": []}}, {"model": "users.user", "pk": 3, "fields": {"password": "pbkdf2_sha256$720000$jHltiGuMGKkVxmEoVI4zGr$I0hvTcGHDwBHUOXF+OydXtxXTxvfkFHyS7nK8cAkODE=", "last_login": "2024-05-14T03:01:54.429Z", "is_superuser": false, "is_active": true, "date_joined": "2024-05-08T17:28:31.925Z", "username": "AntonByk", "email": "", "photo": "users/avatar/fantasea_phuket.jpeg", "first_name": "Anton", "last_name": "", "age": null, "email_verification_code": null, "is_staff": false, "phone": null, "country": null, "city": null, "groups": [], "user_permissions": []}}, {"model": "users.user", "pk": 6, "fields": {"password": "pbkdf2_sha256$720000$ShvT6JF6R3uhRNm2XOcuRS$pR7RvfpIT96bWHEAdBHmQZeBMb3TwZTSzVCcqSuDKzI=", "last_login": "2024-06-15T04:09:14.155Z", "is_superuser": false, "is_active": true, "date_joined": "2024-06-02T04:48:22.502Z", "username": "Nikola17", "email": "nikola17@mail.ru", "photo": "", "first_name": "", "last_name": "", "age": null, "email_verification_code": null, "is_staff": false, "phone": null, "country": null, "city": null, "groups": [], "user_permissions": []}}, {"model": "users.user", "pk": 7, "fields": {"password": "pbkdf2_sha256$720000$MkgY43o1pIf12Ka5ZdoeOq$rQEmxiaCeDZE4na0+RUfTAZLb8eW7Eut+hBxTiJ//Ko=", "last_login": "2024-07-13T06:49:11.171Z", "is_superuser": true, "is_active": true, "date_joined": "2024-07-13T06:48:57.886Z", "username": "admin", "email": "admin@admin.com", "photo": "", "first_name": "", "last_name": "", "age": null, "email_verification_code": null, "is_staff": true, "phone": null, "country": null, "city": null, "groups": [], "user_permissions": []}}, {"model": "contacts.support", "pk": 1, "fields": {"name": "\u041f\u043e\u0434\u0434\u0435\u0440\u0436\u043a\u0430", "phone": "+16467646696", "email": "admin@gettrip.co", "description": "\u043c\u044b \u043d\u0430 \u0441\u0432\u044f\u0437\u0438 \u043a\u0440\u0443\u0433\u043b\u043e\u0441\u0443\u0442\u043e\u0447\u043d\u043e.", "link_whatsapp": "https://wa.me/16467646696", "link_telegram": null, "link_viber": null, "link_facebook": null, "link_instagram": null, "link_youtube": null}}, {"model": "authtoken.token", "pk": "1d63dfcfdf94326ffe9e5f29a909364ff371986b", "fields": {"user": 6, "created": "2024-06-04T05:47:25.041Z"}}, {"model": "authtoken.token", "pk": "3e2c024a407f3a6e8cb97769936321291128b89a", "fields": {"user": 1, "created": "2024-05-08T17:13:59.248Z"}}]